0,0,0,0
0.022266291,-0.013665791,0.002590801,-0.001590087
0.05647812,-0.036008301,0.010025928,-0.006309872
0.081326325,-0.055727921,0.021967052,-0.014367372
0.08073464,-0.064164607,0.035341329,-0.024519096
0.052981535,-0.060273126,0.045964102,-0.034916101
0.010315702,-0.050446783,0.050705313,-0.044251519
-0.029204522,-0.044154777,0.048887616,-0.052500966
-0.052187881,-0.048332363,0.042209382,-0.060874508
-0.056655289,-0.063769851,0.033391161,-0.071085647
-0.051743849,-0.08527576,0.024431084,-0.084411646
-0.051306083,-0.105112626,0.015474658,-0.101084055
-0.065602403,-0.117455138,0.004855997,-0.12030805
-0.095875948,-0.12130336,-0.00983923,-0.140830336
-0.134486267,-0.120416213,-0.030385827,-0.16168216
-0.169922307,-0.120629428,-0.057006051,-0.18266864
-0.193400855,-0.126323575,-0.08838267,-0.204362548
-0.203243541,-0.138082808,-0.122490003,-0.227660515
-0.204866233,-0.152705417,-0.157696383,-0.253194586
-0.206869411,-0.165304226,-0.193502192,-0.280939963
-0.215812948,-0.172111891,-0.230548438,-0.31021455
-0.232700663,-0.172369261,-0.269973138,-0.34002882
-0.252926512,-0.16835766,-0.312544041,-0.369556214
-0.269334769,-0.163761378,-0.358072865,-0.39845318
-0.276368488,-0.161446239,-0.405406074,-0.426870624
-0.272902304,-0.161942838,-0.452937435,-0.455186011
-0.262343485,-0.163393538,-0.499306273,-0.483636174
-0.250245116,-0.162832469,-0.543879893,-0.51206598
-0.241019173,-0.157947396,-0.586781621,-0.539920596
-0.235659095,-0.148299789,-0.628502378,-0.566460932
-0.231615838,-0.135389891,-0.669359023,-0.59106104
-0.224659202,-0.121656945,-0.70911819,-0.613416504
-0.211480418,-0.109081497,-0.74697811,-0.633560534
-0.191519393,-0.098202782,-0.781882376,-0.651701623
-0.167093028,-0.088046338,-0.812959288,-0.66799331
-0.141938042,-0.076901106,-0.8398335,-0.682371722
-0.119142748,-0.063423703,-0.862654459,-0.694544209
-0.099672096,-0.047424372,-0.88185882,-0.704119781
-0.082231391,-0.029935085,-0.897828331,-0.710794743
-0.064394751,-0.012599525,-0.910644171,-0.714485752
-0.044235464,0.003206069,-0.920063147,-0.715343045
-0.021502334,0.017008675,-0.925704716,-0.71364976
0.002259061,0.029308594,-0.927322385,-0.709675122
0.024594084,0.041108546,-0.924999957,-0.703567046
0.04343854,0.053221775,-0.91917151,-0.695338386
0.058071184,0.065765873,-0.910471806,-0.684943293
0.069234503,0.078102068,-0.899516104,-0.672390674
0.07845028,0.08920574,-0.886736099,-0.657826908
0.086996957,0.098217722,-0.872353542,-0.641544169
0.095150846,0.104853642,-0.856488052,-0.623916313
0.102081653,0.10946193,-0.839321816,-0.605303888
0.106389184,0.112737513,-0.821220794,-0.585982141
0.106915949,0.115286988,-0.802746884,-0.566127308
0.103358002,0.117301305,-0.784562664,-0.545860404
0.09635952,0.118504558,-0.767289319,-0.525316138
0.087095186,0.118376705,-0.751397552,-0.504694294
0.076625936,0.116497167,-0.737184463,-0.484265285
0.065406933,0.112806231,-0.724836325,-0.464330015
0.053200984,0.107648559,-0.714530064,-0.445159446
0.03939923,0.101597875,-0.706510334,-0.426947807
0.023526032,0.095182445,-0.701099713,-0.40980228
0.005627733,0.088672425,-0.698641356,-0.393769599
-0.013658414,0.082038313,-0.699411133,-0.378879781
-0.03336043,0.075083428,-0.703549387,-0.365180155
-0.052578619,0.067657045,-0.711046605,-0.352741358
-0.070805143,0.059820568,-0.721784231,-0.341634654
-0.087992243,0.051878913,-0.735601801,-0.331896033
-0.104361604,0.044273195,-0.752350682,-0.323498406
-0.120090816,0.037407655,-0.771906843,-0.316346619
-0.135065641,0.031512063,-0.794141165,-0.310296095
-0.148829763,0.026610273,-0.818869734,-0.305183007
-0.160740322,0.022599425,-0.845815577,-0.300849083
-0.170223051,0.019382961,-0.874603876,-0.297149131
-0.176977364,0.016977278,-0.904792227,-0.293940418
-0.181025449,0.015535276,-0.935918278,-0.291063235
-0.182596732,0.015282224,-0.967539723,-0.288326007
-0.181930448,0.016408314,-0.999248773,-0.285504403
-0.179114794,0.018981458,-1.030659409,-0.282355276
-0.174047756,0.022925927,-1.061380997,-0.278638014
-0.166527957,0.028071349,-1.090997934,-0.274132677
-0.156411043,0.034237462,-1.119069498,-0.268647188
-0.143737728,0.041304299,-1.14515133,-0.262012719
-0.128765204,0.049231179,-1.168827785,-0.254072921
-0.111894062,0.058020237,-1.189739403,-0.244675361
-0.093541013,0.067651435,-1.207593933,-0.233671239
-0.074031809,0.078028873,-1.222159435,-0.220924126
-0.053569254,0.088967768,-1.233247668,-0.206323219
-0.032283611,0.100225955,-1.240700115,-0.189794431
-0.010326332,0.111558902,-1.244385787,-0.171304367
0.012051701,0.122766632,-1.244212065,-0.150856466
0.034481327,0.133708941,-1.240142073,-0.128482757
0.056522131,0.144285363,-1.232208761,-0.10423649
0.07774479,0.154396186,-1.220518306,-0.078189589
0.097802083,0.163909428,-1.205241699,-0.050435561
0.116453184,0.172652699,-1.186599553,-0.021095164
0.133535387,0.180432972,-1.164847957,0.009679298
0.148906882,0.187071557,-1.140271322,0.041704216
0.162397391,0.192434471,-1.113183316,0.074769956
0.173794931,0.196442993,-1.083932023,0.108649049
0.182873711,0.199061668,-1.052903269,0.143103957
0.18944473,0.20027359,-1.020517456,0.177891817
0.193399843,0.200058605,-0.987219091,0.212765646
0.194726597,0.198386574,-0.953462168,0.247473581
0.193489397,0.195228051,-0.919696346,0.281758709
0.189791292,0.190574704,-0.886357853,0.315361458
0.183739478,0.184457119,-0.853865963,0.348024935
0.175432693,0.176950228,-0.822622812,0.379501854
0.164974344,0.168164341,-0.793012792,0.409560971
0.152500275,0.158227751,-0.765398572,0.437991311
0.138202973,0.147270708,-0.740113186,0.464603816
0.12233768,0.135418601,-0.717450089,0.48923132
0.105207207,0.122796116,-0.697654309,0.511728465
0.087134116,0.109537791,-0.680917201,0.531972815
0.068434772,0.095797257,-0.667375417,0.549867448
0.049406984,0.081748951,-0.657112726,0.565344248
0.0303341,0.067580853,-0.650162296,0.578366571
0.011498932,0.053481859,-0.646507524,0.588930242
-0.006803809,0.039629953,-0.646080926,0.59706262
-0.024265849,0.026186216,-0.648762187,0.602820318
-0.040576718,0.013295979,-0.654377256,0.606286607
-0.055442922,0.001094381,-0.662700023,0.607569374
-0.068605829,-0.010288467,-0.673456929,0.606799846
-0.079850727,-0.020726678,-0.686333618,0.604131678
-0.089005026,-0.030103185,-0.700982053,0.599739624
-0.095929538,-0.03831756,-0.717026773,0.593817155
-0.100509921,-0.045293211,-0.734069874,0.586572895
-0.102654244,-0.050980737,-0.751695271,0.578226263
-0.102298286,-0.055356526,-0.769473349,0.569003028
-0.099415473,-0.058418244,-0.786966891,0.559131345
-0.094025806,-0.060180234,-0.803738471,0.548838496
-0.086198995,-0.060671374,-0.819358706,0.538348112
-0.076050408,-0.059936164,-0.833414318,0.527877427
-0.063732245,-0.058037749,-0.845515105,0.517634201
-0.049424399,-0.055060524,-0.855299491,0.507813209
-0.033328877,-0.051110281,-0.862438944,0.498592594
-0.015668969,-0.046311298,-0.866641929,0.490130491
0.003308614,-0.040801378,-0.867657949,0.482562334
0.023332106,-0.034726756,-0.865281808,0.475998974
0.044106536,-0.02823855,-0.859357733,0.470525483
0.065319987,-0.021491295,-0.849782716,0.46620036
0.086652747,-0.014642853,-0.836508538,0.463054879
0.107786539,-0.007854234,-0.819542279,0.461092504
0.12841129,-0.001288075,-0.798945527,0.460288504
0.148228566,0.004894628,-0.774832767,0.46059002
0.166952696,0.010538908,-0.747369352,0.461916783
0.184311712,0.015500112,-0.716769238,0.464162558
0.200049961,0.019647021,-0.683292331,0.467197184
0.213933023,0.022863388,-0.647241124,0.470869002
0.225754014,0.025048335,-0.608956383,0.475007447
0.235339499,0.026116485,-0.568811808,0.47942572
0.242553408,0.025998667,-0.527207913,0.48392356
0.247298364,0.024643435,-0.484565476,0.488290234
0.249515038,0.022019064,-0.441318938,0.492307826
0.249180864,0.018115269,-0.397909915,0.495754831
0.246309357,0.012943973,-0.354780845,0.498409932
0.240950468,0.00653887,-0.312368629,0.500055798
0.233191495,-0.00104593,-0.271098161,0.50048272
0.223157485,-0.009737613,-0.231375786,0.499492005
0.211010152,-0.019446177,-0.193582848,0.496899101
0.196944962,-0.030065527,-0.158069615,0.492536517
0.181186822,-0.041474346,-0.125149827,0.486256563
0.163985235,-0.053537162,-0.095096016,0.477933913
0.145609796,-0.066106015,-0.068135609,0.467467913
0.126346381,-0.079022851,-0.044447738,0.45478452
0.1064938,-0.092122463,-0.024160665,0.439837787
0.086360322,-0.105235567,-0.007349827,0.422610828
0.066259505,-0.118191663,0.005963429,0.403116284
0.046505152,-0.130821477,0.015812301,0.381396333
0.027405681,-0.142959084,0.022284054,0.357522304
0.009258527,-0.154443949,0.025518583,0.331593925
-0.00765487,-0.165123113,0.025706075,0.303738186
-0.023073196,-0.174853601,0.023083884,0.274107799
-0.036758622,-0.183504938,0.017932761,0.242879234
-0.04849975,-0.19096149,0.010572518,0.210250334
-0.058114477,-0.197124416,0.001357177,0.176437567
-0.065452924,-0.201913087,-0.009330397,0.14167299
-0.070400224,-0.205266037,-0.02108436,0.10620101
-0.07287884,-0.207141586,-0.033482185,0.070274999
-0.072850044,-0.207518313,-0.046091281,0.034153809
-0.070314408,-0.206395418,-0.058475766,-0.001901784
-0.065311394,-0.203792943,-0.070203254,-0.037632701
-0.057918304,-0.199751694,-0.080851517,-0.072785172
-0.048248848,-0.194332743,-0.090014946,-0.107114304
-0.036451472,-0.187616448,-0.097310744,-0.140387512
-0.022707386,-0.179701061,-0.102384801,-0.17238775
-0.007228138,-0.170701036,-0.104917186,-0.202916463
0.009747438,-0.160745176,-0.104627148,-0.231796252
0.02795694,-0.149974699,-0.101277531,-0.258873196
0.047118658,-0.138541216,-0.094678487,-0.284018847
0.066936182,-0.126604571,-0.084690427,-0.307131841
0.087103101,-0.114330497,-0.071226168,-0.32813913
0.107307657,-0.101888071,-0.054252269,-0.346996775
0.127237339,-0.089447047,-0.033789566,-0.363690293
0.146583448,-0.07717516,-0.009912906,-0.378234537
0.165045694,-0.065235515,0.017249919,-0.390673115
0.182336833,-0.053784135,0.047520048,-0.401077376
0.198187209,-0.042967678,0.08067022,-0.409544979
0.212349064,-0.032921327,0.116428212,-0.416198084
0.224600436,-0.023766806,0.154480991,-0.421181179
0.234748538,-0.01561055,0.194479483,-0.424658581
0.242632587,-0.00854205,0.236043897,-0.426811627
0.248126131,-0.002632452,0.278769488,-0.427835609
0.25113889,0.002066526,0.322232689,-0.427936485
0.251618155,0.005523337,0.365997524,-0.427327441
0.24954968,0.007726984,0.409622226,-0.426225351
0.244958006,0.008687075,0.452665951,-0.424847201
0.237906147,0.008433585,0.494695497,-0.423406525
0.228494615,0.007016347,0.535291902,-0.422109911
0.216859794,0.004504266,0.574056819,-0.421153611
0.203171762,0.000984251,0.610618566,-0.420720321
0.187631625,-0.003440146,0.644637746,-0.420976171
0.170468435,-0.008650387,0.675812376,-0.422067972
0.151935733,-0.014514854,0.703882444,-0.424120786
0.13230773,-0.020890972,0.728633837,-0.427235832
0.111875145,-0.027627479,0.749901566,-0.431488784
0.090940745,-0.034566815,0.767572245,-0.436928466
0.069814656,-0.04154757,0.781585775,-0.443575973
0.048809554,-0.048407006,0.791936202,-0.451424219
0.028235837,-0.054983593,0.798671733,-0.460437933
0.008396873,-0.061119557,0.80189393,-0.470554087
-0.010415622,-0.066663387,0.801756083,-0.481682776
-0.027926,-0.071472248,0.798460797,-0.493708513
-0.043878883,-0.075414255,0.792256828,-0.506491939
-0.05804307,-0.078370566,0.78343522,-0.51987191
-0.07021511,-0.080237255,0.772324786,-0.533667929
-0.080222448,-0.080926959,0.759287002,-0.547682882
-0.087926089,-0.080370272,0.744710409,-0.561706038
-0.093222727,-0.078516883,0.729004588,-0.575516278
-0.096046298,-0.075336422,0.71259382,-0.588885482
-0.096368963,-0.070819015,0.695910526,-0.60158205
-0.094201511,-0.064975513,0.679388584,-0.613374483
-0.089593187,-0.057837393,0.663456629,-0.62403498
-0.082630949,-0.049456338,0.64853143,-0.633342986
-0.073438154,-0.039903501,0.635011447,-0.641088637
-0.062172672,-0.029268472,0.623270667,-0.647076063
-0.04902447,-0.017657973,0.613652817,-0.65112647
-0.034212674,-0.005194301,0.606466042,-0.65308099
-0.017982194,0.00798648,0.601978127,-0.652803227
-0.000599952,0.021736543,0.600412348,-0.650181478
0.017649215,0.035898505,0.601944001,-0.645130581
0.03646691,0.050307777,0.60669767,-0.637593373
0.055545745,0.064795031,0.614745267,-0.627541726
0.074574038,0.07918874,0.626104882,-0.614977149
0.093240601,0.093317744,0.640740458,-0.599930944
0.111239512,0.107013807,0.658562288,-0.58246392
0.128274821,0.120114133,0.679428351,-0.562665665
0.144065092,0.132463799,0.70314644,-0.540653384
0.158347721,0.143918069,0.729477063,-0.516570329
0.170882957,0.154344563,0.758137073,-0.490583839
0.181457563,0.163625235,0.788803955,-0.462883015
0.189888082,0.171658134,0.821120731,-0.433676076
0.196023648,0.178358916,0.854701377,-0.403187428
0.199748304,0.183662082,0.889136696,-0.371654491
0.200982786,0.187521936,0.924000545,-0.339324344
0.199685739,0.189913231,0.958856319,-0.306450221
0.195854358,0.190831517,0.993263599,-0.273287924
0.189524423,0.190293167,1.026784861,-0.24009221
0.180769747,0.188335092,1.058992129,-0.207113189
0.169701042,0.185014135,1.089473499,-0.17459281
0.156464223,0.180406172,1.117839394,-0.142761472
0.141238174,0.17460491,1.1437285,-0.111834823
0.124232017,0.167720422,1.166813254,-0.082010782
0.105681907,0.159877426,1.18680482,-0.053466852
0.085847422,0.151213354,1.203457476,-0.026357736
0.065007584,0.14187622,1.216572338,-0.000813316
0.043456579,0.132022335,1.226000361,0.023062986
0.021499261,0.121813898,1.231644588,0.045195445
-0.000553525,0.111416491,1.233461591,0.065536828
-0.022389694,0.100996533,1.2314621,0.084068769
-0.043700692,0.09071872,1.225710796,0.100801686
-0.064186218,0.080743487,1.216325289,0.115774256
-0.083558819,0.071224556,1.203474277,0.129052466
-0.101548282,0.062306572,1.187374927,0.140728235
-0.117905771,0.054122891,1.168289518,0.150917642
-0.13240763,0.046793547,1.146521387,0.159758788
-0.144858801,0.040423417,1.122410257,0.167409314
-0.155095799,0.035100621,1.096326998,0.174043632
-0.162989204,0.03089519,1.068667923,0.17984989
-0.168445629,0.027858003,1.039848692,0.185026736
-0.17140914,0.026020029,1.010297923,0.189779919
-0.171862096,0.025391869,0.980450604,0.194318791
-0.169825413,0.025963624,0.950741413,0.198852753
-0.165358225,0.027705067,0.921598047,0.203587705
-0.158556966,0.030566141,0.89343465,0.208722554
-0.149553875,0.034477749,0.866645468,0.214445839
-0.138514957,0.039352852,0.841598794,0.220932513
-0.125637423,0.045087832,0.818631324,0.228340945
-0.111146652,0.05156412,0.798043001,0.23681018
-0.095292722,0.058650052,0.780092414,0.246457502
-0.078346571,0.066202926,0.764992848,0.257376336
-0.060595825,0.074071234,0.752909015,0.269634527
-0.04234038,0.082097028,0.743954544,0.283273013
-0.023887795,0.090118386,0.738190249,0.298304926
-0.005548564,0.097971942,0.735623213,0.314715116
0.012368657,0.105495437,0.736206692,0.332460131
0.029561788,0.11253026,0.739840856,0.351468627
0.045739964,0.118923927,0.74637433,0.371642219
0.060628009,0.124532473,0.755606544,0.392856761
0.073970655,0.129222717,0.767290825,0.414964021
0.085536467,0.132874356,0.781138206,0.437793741
0.095121399,0.135381866,0.796821876,0.461156043
0.10255193,0.13665618,0.813982225,0.484844146
0.107687729,0.13662611,0.832232378,0.508637349
0.110423818,0.135239503,0.851164157,0.532304248
0.110692186,0.132464097,0.87035437,0.555606112
0.108462838,0.128288083,0.889371333,0.578300396
0.103744264,0.122720348,0.907781513,0.600144319
0.096583311,0.115790404,0.925156219,0.620898451
0.08706448,0.107548001,0.941078199,0.640330274
0.075308631,0.098062432,0.955148083,0.65821763
0.061471144,0.087421538,0.966990537,0.67435204
0.045739541,0.075730427,0.976260059,0.688541812
0.028330624,0.063109938,0.982646317,0.70061491
0.009487157,0.049694851,0.985878951,0.710421535
-0.010525846,0.035631898,0.985731758,0.71783637
-0.031425174,0.021077579,0.982026208,0.722760469
-0.052913746,0.006195839,0.974634231,0.725122754
-0.07468516,-0.008844377,0.963480226,0.724881092
-0.096428378,-0.02387164,0.948542273,0.722022947
-0.117832478,-0.038714594,0.929852524,0.716565584
-0.138591414,-0.053204509,0.907496764,0.708555837
-0.158408689,-0.067177794,0.881613156,0.698069431
-0.177001895,-0.080478439,0.852390181,0.68520987
-0.194107023,-0.092960324,0.820063812,0.670106925
-0.209482499,-0.104489397,0.78491396,0.652914717
-0.222912874,-0.114945651,0.747260252,0.633809447
-0.234212113,-0.124224895,0.707457199,0.612986801
-0.24322643,-0.132240282,0.665888835,0.590659063
-0.249836636,-0.13892357,0.622962901,0.567051993
-0.253959948,-0.144226097,0.579104674,0.542401501
-0.255551249,-0.148119464,0.534750528,0.516950188
-0.254603761,-0.1505959,0.490341319,0.490943788
-0.25114914,-0.151668316,0.44631572,0.464627579
-0.245256974,-0.151370045,0.403103576,0.438242804
-0.237033708,-0.149754267,0.361119403,0.412023179
-0.226620996,-0.146893133,0.320756129,0.386191512
-0.214193521,-0.1428766,0.282379156,0.360956509
-0.199956303,-0.137810994,0.24632086,0.336509804
-0.18414155,-0.131817323,0.212875586,0.313023261
-0.167005088,-0.12502937,0.182295236,0.290646585
-0.148822428,-0.11759159,0.154785511,0.26950529
-0.129884537,-0.109656844,0.13050285,0.249699039
-0.11049337,-0.10138401,0.109552143,0.23130039
-0.090957234,-0.092935503,0.091985219,0.21435397
-0.071586059,-0.084474738,0.077800161,0.198876081
-0.052686638,-0.076163588,0.06694144,0.184854749
-0.034557924,-0.068159864,0.059300869,0.172250212
-0.017486444,-0.060614855,0.054719372,0.16099584
-0.001741902,-0.053670984,0.052989527,0.150999481
0.012426953,-0.047459583,0.053858854,0.142145188
0.024796146,-0.042098862,0.057033792,0.134295332
0.035169905,-0.037692061,0.062184309,0.127293043
0.043383663,-0.03432585,0.068949066,0.120964952
0.049306581,-0.032068977,0.076941067,0.115124194
0.052843548,-0.030971196,0.085753693,0.109573612
0.053936644,-0.031062487,0.094967048,0.104109134
0.052566016,-0.032352584,0.1041545,0.098523247
0.048750191,-0.034830814,0.112889327,0.092608535
0.042545777,-0.038466249,0.120751361,0.086161214
0.034046602,-0.04320818,0.127333542,0.078984606
0.023382268,-0.048986883,0.132248252,0.070892521
0.010716162,-0.055714691,0.135133371,0.061712461
-0.003757053,-0.063287337,0.135657925,0.051288625
-0.019814423,-0.071585553,0.133527263,0.039484655
-0.037208127,-0.080476908,0.12848768,0.026186085
-0.055669273,-0.08981784,0.120330405,0.011302448
-0.074912029,-0.09945587,0.108894903,-0.00523098
-0.094638005,-0.109231951,0.094071437,-0.023451837
-0.114540825,-0.118982918,0.075802852,-0.043369747
-0.134310832,-0.128544008,0.054085548,-0.064965825
-0.153639834,-0.137751402,0.028969641,-0.088192621
-0.172225828,-0.146444756,0.000558287,-0.112974508
-0.189777633,-0.154469684,-0.030993795,-0.1392085
-0.206019355,-0.161680148,-0.065482596,-0.166765504
-0.220694615,-0.167940721,-0.102657848,-0.195491962
-0.233570484,-0.173128698,-0.142226758,-0.225211887
-0.244441048,-0.177136,-0.183858402,-0.255729238
-0.253130574,-0.179870869,-0.227188697,-0.286830614
-0.259496197,-0.181259308,-0.271825882,-0.318288218
-0.263430114,-0.181246251,-0.317356429,-0.349863045
-0.264861238,-0.17979645,-0.363351282,-0.381308254
-0.263756289,-0.176895049,-0.409372338,-0.412372664
-0.260120306,-0.172547863,-0.454979062,-0.442804323
-0.25399657,-0.166781328,-0.499735146,-0.472354098
-0.245465944,-0.159642145,-0.5432151,-0.50077923
-0.234645636,-0.151196611,-0.585010678,-0.527846798
-0.221687408,-0.141529657,-0.624737038,-0.553337044
-0.206775249,-0.130743595,-0.662038551,-0.577046501
-0.190122562,-0.118956604,-0.696594153,-0.598790883
-0.171968899,-0.106300976,-0.728122177,-0.61840769
-0.152576293,-0.092921148,-0.756384576,-0.635758493
-0.132225247,-0.078971541,-0.781190482,-0.650730849
-0.111210444,-0.064614261,-0.80239904,-0.663239846
-0.089836236,-0.050016671,-0.81992148,-0.673229215
-0.068411989,-0.035348894,-0.83372239,-0.680672035
-0.047247348,-0.020781268,-0.843820172,-0.685570986
-0.026647503,-0.006481802,-0.850286677,-0.687958161
-0.006908523,0.007386331,-0.853246022,-0.687894448
0.011687175,0.020667226,-0.852872605,-0.685468469
0.028875139,0.033214564,-0.849388358,-0.680795119
0.044412925,0.044893789,-0.843059264,-0.674013707
0.058083797,0.055584091,-0.834191209,-0.665285733
0.069700039,0.065180194,-0.823125223,-0.654792349
0.079105814,0.073593888,-0.810232182,-0.642731516
0.086179542,0.080755314,-0.795907056,-0.629314931
0.090835745,0.086613957,-0.780562796,-0.614764745
0.093026344,0.091139348,-0.764623936,-0.599310138
0.092741379,0.094321454,-0.748520033,-0.583183803
0.090009149,0.096170762,-0.732679025,-0.566618381
0.084895758,0.09671804,-0.717520619,-0.549842919
0.077504091,0.096013792,-0.703449807,-0.533079386
0.067972217,0.094127412,-0.690850609,-0.51653932
0.056471261,0.091146046,-0.680080148,-0.500420641
0.043202765,0.087173182,-0.671463124,-0.484904688
0.028395583,0.082326996,-0.665286806,-0.470153522
0.01230236,0.076738466,-0.661796589,-0.456307541
-0.004804355,0.070549295,-0.661192196,-0.443483431
-0.022636299,0.063909671,-0.663624584,-0.4317725
-0.040893928,0.056975898,-0.669193605,-0.421239409
-0.05927102,0.04990793,-0.677946441,-0.411921327
-0.077459379,0.042866857,-0.689876862,-0.403827515
-0.095153575,0.03601237,-0.704925289,-0.396939348
-0.112055629,0.029500252,-0.722979696,-0.391210782
-0.127879599,0.023479928,-0.743877299,-0.386569247
-0.142355965,0.018092118,-0.767407035,-0.382916954
-0.155235773,0.013466619,-0.793312783,-0.380132611
-0.166294462,0.009720261,-0.821297272,-0.378073493
-0.175335307,0.006955062,-0.851026624,-0.376577862
-0.18219245,0.005256613,-0.882135462,-0.375467684
-0.186733445,0.004692711,-0.914232498,-0.374551603
-0.188861297,0.005312278,-0.946906519,-0.373628131
-0.188515954,0.007144559,-0.979732687,-0.372489
-0.185675236,0.010198631,-1.012279038,-0.370922625
-0.180355181,0.014463219,-1.0441131,-0.368717628
-0.172609806,0.019906831,-1.074808516,-0.365666364
-0.162530285,0.0264782,-1.103951579,-0.361568398
-0.150243556,0.03410703,-1.131147565,-0.356233876
-0.135910387,0.042705043,-1.156026785,-0.349486744
-0.119722915,0.052167299,-1.178250253,-0.34116776
-0.101901708,0.062373768,-1.197514877,-0.331137247
-0.082692392,0.073191146,-1.213558115,-0.319277567
-0.062361895,0.084474871,-1.226161997,-0.305495242
-0.041194362,0.096071312,-1.235156473,-0.289722729
-0.019486808,0.107820103,-1.240422024,-0.271919786
0.002455424,0.119556577,-1.241891507,-0.252074433
0.024323338,0.131114278,-1.239551185,-0.230203476
0.045809009,0.142327489,-1.233440958,-0.206352601
0.066610292,0.153033761,-1.223653756,-0.180596023
0.086435446,0.163076394,-1.210334135,-0.153035697
0.105007595,0.172306822,-1.193676072,-0.123800113
0.122068957,0.180586891,-1.173920017,-0.093042679
0.137384789,0.187790965,-1.151349219,-0.06093973
0.150746974,0.193807849,-1.126285413,-0.02768818
0.161977194,0.198542499,-1.099083908,0.006497139
0.170929657,0.201917473,-1.070128172,0.04138641
0.177493318,0.203874125,-1.039823974,0.076737999
0.18159357,0.204373512,-1.008593203,0.112301799
0.183193376,0.203396999,-0.976867429,0.147822715
0.182293822,0.200946553,-0.945081322,0.183044213
0.178934097,0.19704473,-0.913666025,0.217711908
0.173190873,0.191734345,-0.883042587,0.251577111
0.165177122,0.185077834,-0.853615543,0.284400295
0.155040379,0.177156318,-0.825766761,0.31595443
0.142960463,0.168068383,-0.799849628,0.34602812
0.129146717,0.157928597,-0.776183681,0.37442851
0.113834789,0.146865779,-0.755049753,0.400983916
0.097283011,0.135021063,-0.736685718,0.425546132
0.079768435,0.122545758,-0.721282894,0.447992383
0.061582577,0.109599074,-0.708983161,0.468226899
0.043026942,0.096345718,-0.699876838,0.48618207
0.024408402,0.082953405,-0.694001351,0.501819194
0.006034484,0.069590338,-0.691340711,0.515128773
-0.011791347,0.056422671,-0.691825816,0.526130375
-0.028774341,0.043612012,-0.695335565,0.534872063
-0.044632984,0.031312995,-0.701698764,0.541429392
-0.059103315,0.019670959,-0.710696814,0.545903988
-0.071942971,0.00881978,-0.722067108,0.548421748
-0.082934905,-0.001120129,-0.735507121,0.549130669
-0.09189071,-0.010043605,-0.750679095,0.548198349
-0.098653506,-0.017862289,-0.767215276,0.545809204
-0.103100347,-0.024505916,-0.784723607,0.54216143
-0.1051441,-0.029923332,-0.802793788,0.537463767
-0.104734779,-0.034083214,-0.821003627,0.531932118
-0.101860311,-0.036974485,-0.838925559,0.525786058
-0.096546719,-0.038606414,-0.856133257,0.519245311
-0.088857718,-0.039008411,-0.872208221,0.512526227
-0.078893736,-0.038229506,-0.886746246,0.505838328
-0.066790376,-0.036337526,-0.899363667,0.499380965
-0.052716332,-0.033417989,-0.909703298,0.493340151
-0.036870801,-0.029572718,-0.917439954,0.487885604
-0.019480428,-0.024918216,-0.92228549,0.483168056
-0.000795833,-0.0195838,-0.923993268,0.479316861
0.018912235,-0.013709553,-0.922361989,0.476437951
0.039357049,-0.007444105,-0.917238829,0.474612153
0.060240297,-0.000942279,-0.908521832,0.473893914
0.081256656,0.005637354,-0.896161525,0.474310437
0.102098472,0.012134971,-0.880161726,0.475861246
0.122460476,0.018392028,-0.860579536,0.478518192
0.142044458,0.024253754,-0.837524517,0.482225894
0.160563843,0.029571599,-0.811157059,0.486902606
0.177748073,0.034205579,-0.781685978,0.49244151
0.19334676,0.038026493,-0.749365368,0.498712394
0.207133516,0.040917973,-0.714490752,0.505563711
0.218909421,0.042778335,-0.677394613,0.512824969
0.22850607,0.043522209,-0.638441344,0.520309427
0.235788151,0.043081912,-0.598021724,0.527817055
0.240655512,0.041408553,-0.556546977,0.535137701
0.243044695,0.038472849,-0.514442527,0.542054436
0.242929906,0.034265636,-0.472141532,0.548347002
0.240323402,0.028798077,-0.430078303,0.553795333
0.235275305,0.022101552,-0.388681702,0.558183075
0.227872825,0.014227239,-0.348368628,0.56130107
0.218238923,0.005245388,-0.309537685,0.562950731
0.20653042,-0.00475569,-0.272563131,0.562947268
0.192935596,-0.015670927,-0.237789204,0.561122718
0.177671294,-0.027380042,-0.205524901,0.557328723
0.1609796,-0.039749336,-0.176039307,0.551439012
0.143124127,-0.052633684,-0.149557527,0.543351568
0.124385978,-0.065878703,-0.126257301,0.532990418
0.105059428,-0.079323073,-0.10626634,0.520307043
0.085447423,-0.092800955,-0.089660427,0.50528137
0.065856931,-0.106144483,-0.076462321,0.487922341
0.046594237,-0.119186295,-0.066641466,0.468268043
0.027960255,-0.131762046,-0.060114525,0.4463854
0.010245911,-0.143712889,-0.056746712,0.422369431
-0.006272309,-0.154887864,-0.056353924,0.396342087
-0.021336594,-0.165146171,-0.05870562,0.368450676
-0.034711763,-0.174359295,-0.063528416,0.338865914
-0.046188855,-0.182412931,-0.070510331,0.307779619
-0.05558834,-0.189208708,-0.079305634,0.275402087
-0.062762856,-0.194665664,-0.089540191,0.241959198
-0.06759947,-0.198721453,-0.100817266,0.207689277
-0.070021403,-0.201333274,-0.112723651,0.17283978
-0.069989199,-0.202478505,-0.124836059,0.137663838
-0.067501329,-0.202155019,-0.136727664,0.102416719
-0.062594207,-0.200381205,-0.1479747,0.067352267
-0.055341629,-0.197195658,-0.158163002,0.03271936
-0.045853637,-0.192656578,-0.166894416,-0.001241553
-0.034274826,-0.186840862,-0.173792944,-0.034301779
-0.020782126,-0.179842917,-0.178510564,-0.066247528
-0.005582089,-0.171773201,-0.180732609,-0.09688283
0.011092288,-0.162756526,-0.180182645,-0.12603218
0.028985128,-0.152930144,-0.176626751,-0.15354286
0.047821603,-0.142441642,-0.169877156,-0.179286924
0.067312149,-0.131446683,-0.159795167,-0.203162795
0.087156901,-0.120106624,-0.146293339,-0.225096458
0.107050293,-0.108586054,-0.129336862,-0.245042241
0.126685744,-0.09705028,-0.108944147,-0.262983148
0.145760348,-0.085662811,-0.085186589,-0.278930771
0.163979525,-0.074582862,-0.058187519,-0.292924755
0.181061528,-0.063962939,-0.028120363,-0.305031843
0.196741763,-0.053946522,0.004793965,-0.315344501
0.210776839,-0.044665888,0.040290407,-0.323979166
0.222948296,-0.036240113,0.078063766,-0.331074116
0.233065952,-0.028773279,0.117773341,-0.336787023
0.240970809,-0.022352905,0.159048093,-0.341292204
0.246537491,-0.017048647,0.201492283,-0.344777631
0.249676158,-0.012911261,0.244691486,-0.347441733
0.250333878,-0.00997187,0.28821889,-0.349490047
0.248495434,-0.008241526,0.331641782,-0.351131763
0.244183554,-0.007711083,0.374528125,-0.352576227
0.237458553,-0.008351386,0.41645313,-0.354029443
0.228417408,-0.010113761,0.457005704,-0.355690638
0.217192264,-0.012930816,0.495794696,-0.357748939
0.203948408,-0.016717519,0.532454835,-0.36038021
0.188881724,-0.021372561,0.566652268,-0.363744111
0.172215695,-0.026779956,0.598089618,-0.367981401
0.154197967,-0.032810881,0.626510483,-0.37321155
0.135096554,-0.039325701,0.651703303,-0.379530687
0.115195728,-0.046176176,0.673504541,-0.387009907
0.094791656,-0.053207785,0.69180113,-0.395693988
0.074187863,-0.060262161,0.706532143,-0.405600502
0.053690574,-0.067179575,0.717689663,-0.416719372
0.033604027,-0.073801454,0.725318842,-0.429012851
0.014225802,-0.079972867,0.729517149,-0.442415943
-0.004157734,-0.085544971,0.73043281,-0.45683725
-0.021275818,-0.090377355,0.728262477,-0.472160235
-0.036877437,-0.094340258,0.723248148,-0.488244884
-0.050735175,-0.097316624,0.715673399,-0.504929737
-0.062648695,-0.099203966,0.705858976,-0.52203426
-0.072447807,-0.099915999,0.694157817,-0.539361523
-0.079995073,-0.09938404,0.680949581,-0.556701135
-0.08518791,-0.097558117,0.666634772,-0.573832408
-0.087960155,-0.094407816,0.65162854,-0.59052768
-0.088283082,-0.089922806,0.63635426,-0.606555765
-0.086165831,-0.084113075,0.621236984,-0.62168546
-0.081655265,-0.077008839,0.60669687,-0.635689077
-0.074835251,-0.068660156,0.593142689,-0.648345922
-0.065825363,-0.059136221,0.580965499,-0.659445681
-0.054779054,-0.048524381,0.570532604,-0.66879167
-0.04188129,-0.036928864,0.562181863,-0.676203867
-0.027345717,-0.024469249,0.556216464,-0.681521726
-0.011411383,-0.011278706,0.552900223,-0.684606683
0.005660933,0.002497979,0.552453488,-0.685344349
0.023592721,0.016706552,0.555049715,-0.683646342
0.042092007,0.031185586,0.560812751,-0.679451732
0.060857836,0.045768891,0.569814894,-0.672728076
0.079584885,0.060287988,0.58207573,-0.663472032
0.097968143,0.07457463,0.597561786,-0.651709531
0.115707588,0.08846331,0.616186994,-0.637495524
0.13251279,0.101793734,0.63781396,-0.620913283
0.148107355,0.114413211,0.662256022,-0.602073288
0.162233171,0.126178933,0.689280063,-0.581111704
0.174654357,0.136960097,0.718610033,-0.558188478
0.185160882,0.14663985,0.749931137,-0.533485082
0.193571781,0.155117018,0.782894605,-0.507201932
0.19973793,0.162307601,0.817122991,-0.479555535
0.203544331,0.168145996,0.852215911,-0.450775394
0.204911871,0.172585952,0.88775613,-0.421100726
0.203798536,0.175601222,0.923315906,-0.390777041
0.200200056,0.177185911,0.958463499,-0.360052628
0.194149965,0.177354516,0.992769738,-0.329175023
0.185719092,0.176141653,1.025814548,-0.298387476
0.17501447,0.173601483,1.057193343,-0.26792551
0.162177701,0.16980683,1.086523174,-0.2380136
0.147382783,0.164848027,1.113448549,-0.208862024
0.130833446,0.158831488,1.137646837,-0.18066395
0.112760032,0.151878038,1.158833159,-0.153592779
0.093415962,0.144121025,1.176764707,-0.127799813
0.073073863,0.135704245,1.19124442,-0.103412252
0.052021385,0.126779702,1.202123953,-0.080531576
0.030556802,0.117505252,1.20930591,-0.059232328
0.008984444,0.108042156,1.212745283,-0.039561302
-0.012389964,0.098552588,1.212450103,-0.02153718
-0.033263978,0.089197125,1.20848127,-0.005150582
-0.053343062,0.080132268,1.200951579,0.00963543
-0.072345102,0.07150803,1.190023947,0.022884438
-0.09000471,0.063465621,1.175908879,0.034685334
-0.106077294,0.056135277,1.158861203,0.045150602
-0.120342786,0.049634255,1.139176125,0.054414233
-0.132609011,0.044065028,1.117184674,0.062629308
-0.142714621,0.039513719,1.093248589,0.069965297
-0.150531552,0.036048778,1.067754753,0.076605092
-0.155966979,0.033719934,1.041109226,0.08274185
-0.158964724,0.032557445,1.013730998,0.088575666
-0.159506104,0.032571637,0.986045544,0.094310154
-0.157610206,0.033752761,0.958478279,0.100148962
-0.153333581,0.036071153,0.931448019,0.106292301
-0.146769362,0.039477707,0.905360541,0.11293352
-0.138045823,0.043904644,0.880602354,0.120255797
-0.127324404,0.049266575,0.857534758,0.128428982
-0.114797218,0.055461828,0.836488297,0.137606654
-0.100684097,0.062374035,0.817757683,0.147923427
-0.085229208,0.069873944,0.801597276,0.159492553
-0.068697299,0.077821426,0.788217181,0.172403863
-0.051369628,0.086067655,0.777780021,0.186722059
-0.033539643,0.094457427,0.770398453,0.202485412
-0.015508468,0.102831569,0.766133438,0.219704859
0.002419718,0.111029417,0.764993313,0.238363534
0.01994236,0.11889132,0.766933671,0.258416726
0.036763166,0.126261129,0.771858045,0.279792273
0.052596669,0.132988627,0.779619404,0.302391384
0.0671726,0.138931883,0.79002241,0.32608988
0.08024005,0.143959468,0.802826433,0.350739824
0.091571317,0.147952522,0.817749247,0.376171529
0.100965408,0.150806619,0.834471377,0.402195911
0.108251127,0.152433426,0.852641011,0.42860714
0.113289706,0.152762104,0.871879411,0.45518556
0.115976939,0.151740447,0.891786741,0.481700837
0.116244787,0.149335743,0.911948213,0.507915265
0.114062432,0.145535326,0.93194047,0.533587212
0.10943675,0.140346832,0.9513381,0.558474623
0.102412216,0.13379814,0.969720179,0.582338547
0.093070231,0.125937004,0.986676752,0.604946624
0.081527881,0.116830388,1.001815142,0.626076483
0.067936149,0.106563496,1.014766002,0.645518995
0.05247761,0.095238536,1.025189003,0.663081339
0.03536364,0.082973215,1.032778083,0.678589826
0.016831185,0.069899004,1.037266173,0.69189244
-0.002860858,0.056159189,1.038429327,0.702861063
-0.023435608,0.041906742,1.036090189,0.711393341
-0.044602425,0.02730205,1.030120748,0.717414172
-0.06606136,0.012510523,1.020444346,0.720876781
-0.08750774,-0.002299872,1.007036891,0.721763382
-0.108636827,-0.016961109,0.989927271,0.720085401
-0.129148474,-0.031307609,0.969196956,0.715883268
-0.148751718,-0.045178707,0.944978803,0.709225776
-0.167169225,-0.058421039,0.917455063,0.700209015
-0.184141525,-0.070890822,0.886854644,0.688954907
-0.199430982,-0.082455983,0.853449655,0.675609348
-0.212825414,-0.09299811,0.817551298,0.660340007
-0.224141339,-0.102414194,0.77950515,0.643333794
-0.23322677,-0.110618136,0.739685933,0.624794052
-0.23996353,-0.117541992,0.698491837,0.604937506
-0.244269047,-0.123136944,0.656338477,0.583991023
-0.24609761,-0.127373973,0.6136526,0.562188227
-0.245441053,-0.130244238,0.570865611,0.539766024
-0.242328865,-0.131759136,0.528407037,0.516961084
-0.236827724,-0.131950061,0.486698023,0.494006351
-0.229040463,-0.130867851,0.44614495,0.471127607
-0.219104481,-0.128581946,0.407133295,0.44854017
-0.207189622,-0.125179253,0.370021803,0.426445757
-0.19349556,-0.120762753,0.335137074,0.405029569
-0.178248728,-0.115449854,0.30276865,0.384457639
-0.161698837,-0.109370536,0.273164662,0.364874489
-0.144115033,-0.102665294,0.24652812,0.346401123
-0.125781769,-0.095482927,0.223013899,0.329133391
-0.106994432,-0.087978201,0.202726458,0.313140752
-0.088054806,-0.080309421,0.185718336,0.298465447
-0.069266443,-0.072635957,0.171989445,0.285122101
-0.050930001,-0.06511574,0.161487174,0.273097759
-0.03333863,-0.057902805,0.154107291,0.262352347
-0.016773475,-0.051144873,0.149695648,0.252819567
-0.001499362,-0.04498105,0.148050641,0.244408191
0.012239267,-0.039539647,0.148926409,0.237003752
0.024222098,-0.034936179,0.152036701,0.230470597
0.03425633,-0.031271551,0.15705937,0.224654269
0.042179629,-0.028630483,0.163641415,0.219384184
0.047862613,-0.027080172,0.171404499,0.214476568
0.051210845,-0.026669235,0.179950845,0.20973759
0.05216627,-0.027426935,0.188869449,0.204966662
0.050708111,-0.029362708,0.197742473,0.199959846
0.046853183,-0.032465992,0.206151763,0.194513318
0.040655638,-0.036706369,0.213685358,0.188426829
0.032206128,-0.042034015,0.21994391,0.181507119
0.021630418,-0.048380442,0.224546907,0.173571229
0.009087457,-0.055659539,0.227138613,0.164449651
-0.005233066,-0.063768876,0.22739362,0.153989279
-0.021113621,-0.072591268,0.225021941,0.142056111
-0.038312184,-0.08199656,0.219773557,0.128537656
-0.056565939,-0.091843621,0.211442349,0.113345013
-0.075595315,-0.101982499,0.199869366,0.096414596
-0.095108266,-0.112256728,0.184945355,0.077709461
-0.114804756,-0.122505717,0.166612545,0.057220228
-0.134381349,-0.132567223,0.144865629,0.034965587
-0.153535871,-0.142279843,0.119751947,0.010992362
-0.171972034,-0.151485494,0.091370865,-0.01462485
-0.189403983,-0.160031847,0.05987235,-0.041784472
-0.205560672,-0.167774678,0.025454774,-0.07035915
-0.220190026,-0.174580088,-0.011638023,-0.100197358
-0.233062797,-0.180326579,-0.051120377,-0.131125377
-0.243976083,-0.18490693,-0.092669068,-0.162949616
-0.252756434,-0.188229865,-0.135928178,-0.195459234
-0.259262513,-0.190221476,-0.180514445,-0.228429048
-0.26338726,-0.190826381,-0.226023033,-0.261622643
-0.265059535,-0.190008601,-0.27203364,-0.294795679
-0.264245206,-0.187752143,-0.318116834,-0.327699312
-0.260947674,-0.184061274,-0.36384054,-0.360083691
-0.255207822,-0.178960498,-0.408776553,-0.391701484
-0.247103387,-0.172494208,-0.452507009,-0.42231136
-0.236747774,-0.164726051,-0.494630682,-0.451681399
-0.224288314,-0.155737994,-0.534769037,-0.47959235
-0.209904014,-0.145629105,-0.57257193,-0.505840716
-0.193802811,-0.134514086,-0.607722875,-0.530241596
-0.176218393,-0.122521561,-0.639943798,-0.552631254
-0.157406618,-0.109792152,-0.668999197,-0.57286937
-0.137641601,-0.096476376,-0.694699658,-0.590840945
-0.117211514,-0.082732393,-0.716904657,-0.606457821
-0.096414178,-0.068723637,-0.735524622,-0.619659805
-0.075552506,-0.054616364,-0.75052221,-0.630415368
-0.054929866,-0.040577169,-0.761912786,-0.638721924
-0.034845444,-0.026770487,-0.769764097,-0.644605664
-0.015589662,-0.013356141,-0.77419514,-0.648120968
0.002560259,-0.000486951,-0.775374254,-0.649349395
0.019344538,0.011693541,-0.773516453,-0.648398266
0.034524803,0.023053206,-0.768880043,-0.64539886
0.047887737,0.033473281,-0.761762582,-0.640504265
0.059248328,0.042850126,-0.752496239,-0.633886895
0.068452696,0.051096739,-0.741442625,-0.62573573
0.075380437,0.05814402,-0.728987175,-0.61625331
0.079946453,0.063941759,-0.715533166,-0.605652542
0.082102244,0.06845933,-0.701495467,-0.594153348
0.081836633,0.071686091,-0.687294109,-0.581979228
0.079175926,0.073631472,-0.673347786,-0.569353777
0.074183494,0.074324757,-0.66006737,-0.556497216
0.066958782,0.073814561,-0.647849556,-0.543622981
0.057635775,0.072168012,-0.637070725,-0.53093444
0.046380928,0.069469644,-0.628081115,-0.518621766
0.033390597,0.065820033,-0.621199406,-0.506859033
0.01888802,0.061334178,-0.616707782,-0.495801566
0.003119877,0.056139668,-0.61484756,-0.485583597
-0.013647503,0.05037465,-0.615815445,-0.47631625
-0.031132235,0.044185643,-0.619760474,-0.468085902
-0.049041218,0.037725217,-0.626781688,-0.460952924
-0.067074632,0.031149589,-0.63692658,-0.454950845
-0.084930552,0.024616154,-0.65019033,-0.450085933
-0.102309583,0.018281006,-0.66651584,-0.446337204
-0.118919461,0.012296479,-0.685794585,-0.443656867
-0.134479545,0.006808742,-0.707868238,-0.441971189
-0.148725124,0.001955497,-0.732531077,-0.441181763
-0.161411489,-0.002136197,-0.759533103,-0.44116718
-0.172317689,-0.005351937,-0.788583851,-0.441785044
-0.181249927,-0.007591786,-0.819356821,-0.442874344
-0.188044542,-0.008771867,-0.851494453,-0.444258096
-0.192570518,-0.008825708,-0.884613595,-0.445746265
-0.194731508,-0.007705317,-0.918311348,-0.447138876
-0.194467312,-0.005381972,-0.952171232,-0.4482293
-0.191754809,-0.001846715,-0.985769545,-0.44880765
-0.186608322,0.002889457,-1.018681847,-0.44866423
-0.179079398,0.008795711,-1.050489448,-0.447592995
-0.169256032,0.015821803,-1.080785816,-0.445394967
-0.157261321,0.023898801,-1.109182791,-0.441881539
-0.143251587,0.032940094,-1.135316528,-0.436877642
-0.127413986,0.042842678,-1.158853064,-0.430224705
-0.109963651,0.053488696,-1.179493428,-0.421783367
-0.091140397,0.064747196,-1.196978216,-0.411435909
-0.071205059,0.076476112,-1.211091563,-0.399088357
-0.050435497,0.088524394,-1.221664449,-0.384672225
-0.029122352,0.100734299,-1.228577284,-0.36814588
-0.007564595,0.112943768,-1.231761742,-0.349495494
0.013935042,0.124988887,-1.231201813,-0.328735581
0.035074697,0.136706367,-1.226934043,-0.305909102
0.055557997,0.14793602,-1.219046987,-0.281087139
0.075098584,0.158523195,-1.207679851,-0.254368139
0.093424499,0.16832112,-1.193020372,-0.225876755
0.110282336,0.177193137,-1.175301947,-0.195762269
0.125441114,0.185014778,-1.154800068,-0.16419666
0.138695807,0.191675653,-1.131828119,-0.131372315
0.149870473,0.197081137,-1.106732581,-0.097499435
0.158820937,0.201153802,-1.079887747,-0.062803168
0.165436994,0.2038346,-1.05169,-0.027520513
0.169644078,0.205083758,-1.022551767,0.008102951
0.171404397,0.204881391,-0.992895215,0.043816472
0.170717502,0.203227796,-0.963145814,0.079367606
0.167620275,0.200143458,-0.933725843,0.114505733
0.16218636,0.195668734,-0.905047946,0.148985533
0.154525016,0.189863244,-0.877508845,0.182570391
0.144779435,0.182804965,-0.851483292,0.215035668
0.133124533,0.174589047,-0.827318365,0.246171784
0.119764265,0.165326371,-0.805328184,0.275787087
0.104928483,0.155141863,-0.785789141,0.30371043
0.088869406,0.144172605,-0.768935701,0.329793455
0.071857747,0.132565747,-0.75495686,0.353912522
0.054178555,0.120476285,-0.743993285,0.375970263
0.036126839,0.108064708,-0.736135211,0.395896743
0.01800304,0.09549457,-0.731421104,0.413650201
0.00010842,0.082930014,-0.72983712,0.429217365
-0.017259561,0.070533292,-0.731317367,0.442613341
-0.033811804,0.058462319,-0.735744964,0.453881067
-0.049272013,0.046868284,-0.742953889,0.463090347
-0.063380925,0.035893386,-0.752731569,0.470336493
-0.075900291,0.025668688,-0.764822196,0.475738562
-0.086616527,0.016312164,-0.778930695,0.479437258
-0.095343989,0.007926935,-0.794727305,0.481592498
-0.10192782,0.000599739,-0.811852682,0.482380694
-0.106246319,-0.005600344,-0.829923462,0.481991796
-0.108212811,-0.010622895,-0.848538187,0.480626134
-0.107776972,-0.014436874,-0.867283516,0.478491106
-0.104925601,-0.01703104,-0.885740607,0.475797779
-0.099682816,-0.018414057,-0.903491593,0.47275743
-0.09210969,-0.018614305,-0.920126037,0.469578108
-0.082303307,-0.017679382,-0.935247277,0.466461245
-0.070395276,-0.015675309,-0.948478552,0.463598385
-0.056549711,-0.012685454,-0.959468835,0.461168079
-0.040960715,-0.008809188,-0.967898258,0.459332981
-0.0238494,-0.004160295,-0.97348307,0.45823721
-0.005460502,0.001134839,-0.975980032,0.458003997
0.013941372,0.006939234,-0.9751902,0.458733676
0.034075804,0.01310748,-0.970962023,0.460502027
0.054650858,0.019488041,-0.963193715,0.463359014
0.07536756,0.025925643,-0.951834865,0.467327928
0.095924473,0.032263727,-0.936887262,0.472404955
0.116022322,0.038346917,-0.918404918,0.478559163
0.135368577,0.044023476,-0.896493288,0.48573293
0.153681935,0.049147697,-0.871307706,0.49384278
0.170696629,0.053582212,-0.843051057,0.502780637
0.186166499,0.057200164,-0.811970718,0.512415464
0.199868765,0.059887226,-0.778354819,0.522595268
0.211607432,0.061543422,-0.742527876,0.533149438
0.221216297,0.062084727,-0.704845877,0.543891381
0.228561488,0.061444429,-0.665690874,0.554621412
0.233543516,0.059574216,-0.625465184,0.565129864
0.236098791,0.05644499,-0.584585279,0.575200354
0.236200597,0.052047379,-0.543475457,0.584613172
0.233859496,0.046391947,-0.502561395,0.593148726
0.229123162,0.039509103,-0.462263683,0.600591004
0.222075645,0.031448699,-0.422991438,0.606730985
0.212836081,0.022279332,-0.385136088,0.611369964
0.201556862,0.012087357,-0.349065431,0.614322718
0.188421298,0.000975629,-0.315118066,0.615420488
0.173640802,-0.010938009,-0.283598252,0.614513717
0.157451651,-0.023522473,-0.254771317,0.611474496
0.140111357,-0.036635383,-0.228859641,0.606198702
0.121894727,-0.050125184,-0.206039321,0.598607773
0.103089641,-0.063833414,-0.186437523,0.588650109
0.083992646,-0.077597069,-0.170130602,0.576302059
0.064904407,-0.091251046,-0.157142991,0.561568501
0.046125101,-0.10463062,-0.147446888,0.544482989
0.027949817,-0.117573911,-0.140962745,0.525107473
0.010664034,-0.129924316,-0.137560547,0.503531587
-0.005460751,-0.141532851,-0.137061869,0.47987153
-0.020171182,-0.152260392,-0.139242666,0.454268543
-0.033235925,-0.161979753,-0.143836774,0.426887014
-0.044449208,-0.170577593,-0.150540044,0.397912234
-0.053633975,-0.177956102,-0.159015063,0.367547841
-0.060644591,-0.184034466,-0.168896388,0.336012994
-0.065369072,-0.188750057,-0.1797962,0.303539312
-0.067730796,-0.192059354,-0.191310307,0.270367631
-0.067689674,-0.193938579,-0.203024393,0.236744625
-0.065242758,-0.19438402,-0.214520429,0.202919349
-0.060424282,-0.193412057,-0.225383125,0.169139742
-0.053305132,-0.191058884,-0.235206357,0.135649163
-0.043991757,-0.18737992,-0.243599441,0.102682992
-0.032624529,-0.182448939,-0.250193173,0.070465371
-0.019375592,-0.176356916,-0.254645535,0.039206105
-0.004446215,-0.169210609,-0.256646997,0.009097801
0.01193629,-0.161130907,-0.2559253,-0.019686733
0.029522063,-0.152250961,-0.252249687,-0.046996781
0.048042521,-0.142714133,-0.245434481,-0.072705674
0.067214481,-0.132671784,-0.235341986,-0.096712368
0.0867445,-0.122280954,-0.22188464,-0.118942634
0.106333373,-0.111701945,-0.205026408,-0.139349834
0.125680722,-0.101095865,-0.184783382,-0.157915273
0.144489596,-0.090622159,-0.161223578,-0.174648119
0.162471024,-0.080436171,-0.134465948,-0.189584908
0.179348442,-0.07068677,-0.1046786,-0.202788617
0.194861932,-0.061514075,-0.072076268,-0.214347341
0.208772197,-0.053047322,-0.036917076,-0.224372585
0.220864234,-0.045402902,0.000501375,-0.2329972
0.230950621,-0.038682586,0.039846517,-0.240372995
0.238874386,-0.032971994,0.080755862,-0.24666806
0.244511411,-0.028339303,0.122842504,-0.252063842
0.247772329,-0.024834223,0.165701005,-0.256752029
0.248603887,-0.022487273,0.208913547,-0.260931271
0.246989761,-0.021309334,0.252056292,-0.264803805
0.2429508,-0.021291518,0.294705816,-0.268572031
0.236544701,-0.022405344,0.33644555,-0.272435086
0.22786512,-0.024603205,0.376872105,-0.276585484
0.217040231,-0.027819138,0.415601401,-0.281205854
0.204230761,-0.031969882,0.452274494,-0.286465842
0.189627517,-0.036956189,0.486563022,-0.292519219
0.173448461,-0.042664397,0.518174176,-0.299501239
0.155935363,-0.048968216,0.546855131,-0.30752629
0.137350096,-0.055730711,0.572396859,-0.316685869
0.117970616,-0.062806453,0.594637272,-0.327046925
0.098086702,-0.070043802,0.613463649,-0.338650577
0.07799551,-0.077287277,0.628814298,-0.351511244
0.05799702,-0.084380001,0.640679441,-0.365616192
0.038389435,-0.091166158,0.649101302,-0.380925505
0.019464615,-0.097493439,0.6541734,-0.397372487
0.001503596,-0.103215434,0.65603905,-0.414864475
-0.015227708,-0.108193938,0.65488911,-0.433284074
-0.030482585,-0.112301125,0.650958986,-0.45249077
-0.044037303,-0.115421575,0.644524972,-0.472322912
-0.055694535,-0.117454102,0.635899947,-0.492600031
-0.065286383,-0.118313366,0.625428524,-0.513125456
-0.072676947,-0.117931252,0.613481702,-0.533689189
-0.077764405,-0.116257974,0.600451129,-0.554070996
-0.080482572,-0.113262903,0.586743032,-0.574043668
-0.080801905,-0.108935107,0.572771938,-0.593376401
-0.078729958,-0.103283586,0.55895426,-0.611838236
-0.074311259,-0.096337195,0.54570186,-0.629201523
-0.067626624,-0.08814428,0.533415678,-0.645245338
-0.058791914,-0.078771997,0.522479534,-0.659758814
-0.047956256,-0.068305358,0.513254189,-0.672544329
-0.035299753,-0.056845995,0.506071762,-0.683420499
-0.021030722,-0.044510673,0.501230583,-0.692224941
-0.005382493,-0.03142957,0.498990576,-0.698816752
0.011390165,-0.017744353,0.499569213,-0.703078671
0.029014954,-0.003606079,0.503138135,-0.704918897
0.047206222,0.010827055,0.509820469,-0.704272521
0.065669343,0.025392057,0.519688888,-0.701102562
0.084105238,0.039923578,0.53276445,-0.69540059
0.102214952,0.054256366,0.549016221,-0.687186918
0.119704245,0.068227737,0.568361699,-0.676510369
0.136288097,0.08167999,0.590668032,-0.663447621
0.151695079,0.094462764,0.615754,-0.64810213
0.16567151,0.106435263,0.643392745,-0.630602662
0.17798535,0.117468356,0.673315196,-0.611101441
0.188429748,0.12744648,0.705214143,-0.589771963
0.196826217,0.13626935,0.738748895,-0.566806479
0.203027365,0.143853427,0.773550453,-0.542413211
0.206919154,0.150133135,0.809227109,-0.516813338
0.208422647,0.155061801,0.845370404,-0.490237787
0.207495214,0.158612309,0.881561333,-0.46292389
0.204131185,0.160777453,0.917376718,-0.435111952
0.198361937,0.161569991,0.952395639,-0.407041783
0.19025541,0.161022386,0.986205835,-0.378949255
0.179915063,0.159186257,1.018409969,-0.351062917
0.167478295,0.156131529,1.048631664,-0.323600743
0.153114329,0.151945311,1.076521224,-0.296767045
0.137021626,0.146730511,1.101760934,-0.270749609
0.119424843,0.140604205,1.124069882,-0.245717088
0.100571387,0.133695802,1.14320821,-0.221816701
0.080727631,0.126145009,1.15898074,-0.199172268
0.060174828,0.118099656,1.171239908,-0.177882604
0.039204808,0.109713382,1.179887985,-0.158020318
0.018115509,0.101143248,1.184878512,-0.139631005
-0.002793589,0.092547292,1.186216972,-0.122732867
-0.023226043,0.084082077,1.183960652,-0.107316761
-0.042892987,0.075900258,1.17821772,-0.093346662
-0.061517553,0.068148217,1.169145517,-0.080760558
-0.078839106,0.060963792,1.156948103,-0.06947173
-0.094617229,0.054474148,1.141873084,-0.059370433
-0.108635402,0.048793801,1.124207775,-0.050325917
-0.120704309,0.04402285,1.104274754,-0.042188788
-0.130664728,0.040245428,1.082426882,-0.034793643
-0.138389966,0.037528402,1.059041855,-0.027961967
-0.143787782,0.035920334,1.034516378,-0.021505221
-0.146801796,0.035450736,1.009260054,-0.015228092
-0.147412339,0.036129611,0.983689075,-0.008931844
-0.145636741,0.037947298,0.958219811,-0.002417726
-0.141529055,0.040874623,0.933262403,0.004509625
-0.135179215,0.044863345,0.909214451,0.012038829
-0.126711646,0.049846909,0.886454897,0.020348515
-0.116283346,0.055741468,0.865338198,0.029604224
-0.104081462,0.062447181,0.84618887,0.03995552
-0.090320416,0.069849756,0.829296503,0.05153334
-0.075238603,0.077822219,0.814911305,0.06444764
-0.059094726,0.086226875,0.803240256,0.078785359
