0,0
0.0526315789473684,0
0.105263157894737,0
0.157894736842105,0
0.210526315789474,0
0.263157894736842,0
0.315789473684211,0
0.368421052631579,0
0.421052631578947,0
0.473684210526316,0
0.526315789473684,0
0.578947368421053,0
0.631578947368421,0
0.684210526315789,0
0.736842105263158,0
0.789473684210526,0
0.842105263157895,0
0.894736842105263,0
0.947368421052632,0
1,0
0,0.00505050505050505
0.0526315789473684,0.00505050505050505
0.105263157894737,0.00505050505050505
0.157894736842105,0.00505050505050505
0.210526315789474,0.00505050505050505
0.263157894736842,0.00505050505050505
0.315789473684211,0.00505050505050505
0.368421052631579,0.00505050505050505
0.421052631578947,0.00505050505050505
0.473684210526316,0.00505050505050505
0.526315789473684,0.00505050505050505
0.578947368421053,0.00505050505050505
0.631578947368421,0.00505050505050505
0.684210526315789,0.00505050505050505
0.736842105263158,0.00505050505050505
0.789473684210526,0.00505050505050505
0.842105263157895,0.00505050505050505
0.894736842105263,0.00505050505050505
0.947368421052632,0.00505050505050505
1,0.00505050505050505
0,0.0101010101010101
0.0526315789473684,0.0101010101010101
0.105263157894737,0.0101010101010101
0.157894736842105,0.0101010101010101
0.210526315789474,0.0101010101010101
0.263157894736842,0.0101010101010101
0.315789473684211,0.0101010101010101
0.368421052631579,0.0101010101010101
0.421052631578947,0.0101010101010101
0.473684210526316,0.0101010101010101
0.526315789473684,0.0101010101010101
0.578947368421053,0.0101010101010101
0.631578947368421,0.0101010101010101
0.684210526315789,0.0101010101010101
0.736842105263158,0.0101010101010101
0.789473684210526,0.0101010101010101
0.842105263157895,0.0101010101010101
0.894736842105263,0.0101010101010101
0.947368421052632,0.0101010101010101
1,0.0101010101010101
0,0.0151515151515152
0.0526315789473684,0.0151515151515152
0.105263157894737,0.0151515151515152
0.157894736842105,0.0151515151515152
0.210526315789474,0.0151515151515152
0.263157894736842,0.0151515151515152
0.315789473684211,0.0151515151515152
0.368421052631579,0.0151515151515152
0.421052631578947,0.0151515151515152
0.473684210526316,0.0151515151515152
0.526315789473684,0.0151515151515152
0.578947368421053,0.0151515151515152
0.631578947368421,0.0151515151515152
0.684210526315789,0.0151515151515152
0.736842105263158,0.0151515151515152
0.789473684210526,0.0151515151515152
0.842105263157895,0.0151515151515152
0.894736842105263,0.0151515151515152
0.947368421052632,0.0151515151515152
1,0.0151515151515152
0,0.0202020202020202
0.0526315789473684,0.0202020202020202
0.105263157894737,0.0202020202020202
0.157894736842105,0.0202020202020202
0.210526315789474,0.0202020202020202
0.263157894736842,0.0202020202020202
0.315789473684211,0.0202020202020202
0.368421052631579,0.0202020202020202
0.421052631578947,0.0202020202020202
0.473684210526316,0.0202020202020202
0.526315789473684,0.0202020202020202
0.578947368421053,0.0202020202020202
0.631578947368421,0.0202020202020202
0.684210526315789,0.0202020202020202
0.736842105263158,0.0202020202020202
0.789473684210526,0.0202020202020202
0.842105263157895,0.0202020202020202
0.894736842105263,0.0202020202020202
0.947368421052632,0.0202020202020202
1,0.0202020202020202
0,0.0252525252525253
0.0526315789473684,0.0252525252525253
0.105263157894737,0.0252525252525253
0.157894736842105,0.0252525252525253
0.210526315789474,0.0252525252525253
0.263157894736842,0.0252525252525253
0.315789473684211,0.0252525252525253
0.368421052631579,0.0252525252525253
0.421052631578947,0.0252525252525253
0.473684210526316,0.0252525252525253
0.526315789473684,0.0252525252525253
0.578947368421053,0.0252525252525253
0.631578947368421,0.0252525252525253
0.684210526315789,0.0252525252525253
0.736842105263158,0.0252525252525253
0.789473684210526,0.0252525252525253
0.842105263157895,0.0252525252525253
0.894736842105263,0.0252525252525253
0.947368421052632,0.0252525252525253
1,0.0252525252525253
0,0.0303030303030303
0.0526315789473684,0.0303030303030303
0.105263157894737,0.0303030303030303
0.157894736842105,0.0303030303030303
0.210526315789474,0.0303030303030303
0.263157894736842,0.0303030303030303
0.315789473684211,0.0303030303030303
0.368421052631579,0.0303030303030303
0.421052631578947,0.0303030303030303
0.473684210526316,0.0303030303030303
0.526315789473684,0.0303030303030303
0.578947368421053,0.0303030303030303
0.631578947368421,0.0303030303030303
0.684210526315789,0.0303030303030303
0.736842105263158,0.0303030303030303
0.789473684210526,0.0303030303030303
0.842105263157895,0.0303030303030303
0.894736842105263,0.0303030303030303
0.947368421052632,0.0303030303030303
1,0.0303030303030303
0,0.0353535353535354
0.0526315789473684,0.0353535353535354
0.105263157894737,0.0353535353535354
0.157894736842105,0.0353535353535354
0.210526315789474,0.0353535353535354
0.263157894736842,0.0353535353535354
0.315789473684211,0.0353535353535354
0.368421052631579,0.0353535353535354
0.421052631578947,0.0353535353535354
0.473684210526316,0.0353535353535354
0.526315789473684,0.0353535353535354
0.578947368421053,0.0353535353535354
0.631578947368421,0.0353535353535354
0.684210526315789,0.0353535353535354
0.736842105263158,0.0353535353535354
0.789473684210526,0.0353535353535354
0.842105263157895,0.0353535353535354
0.894736842105263,0.0353535353535354
0.947368421052632,0.0353535353535354
1,0.0353535353535354
0,0.0404040404040404
0.0526315789473684,0.0404040404040404
0.105263157894737,0.0404040404040404
0.157894736842105,0.0404040404040404
0.210526315789474,0.0404040404040404
0.263157894736842,0.0404040404040404
0.315789473684211,0.0404040404040404
0.368421052631579,0.0404040404040404
0.421052631578947,0.0404040404040404
0.473684210526316,0.0404040404040404
0.526315789473684,0.0404040404040404
0.578947368421053,0.0404040404040404
0.631578947368421,0.0404040404040404
0.684210526315789,0.0404040404040404
0.736842105263158,0.0404040404040404
0.789473684210526,0.0404040404040404
0.842105263157895,0.0404040404040404
0.894736842105263,0.0404040404040404
0.947368421052632,0.0404040404040404
1,0.0404040404040404
0,0.0454545454545455
0.0526315789473684,0.0454545454545455
0.105263157894737,0.0454545454545455
0.157894736842105,0.0454545454545455
0.210526315789474,0.0454545454545455
0.263157894736842,0.0454545454545455
0.315789473684211,0.0454545454545455
0.368421052631579,0.0454545454545455
0.421052631578947,0.0454545454545455
0.473684210526316,0.0454545454545455
0.526315789473684,0.0454545454545455
0.578947368421053,0.0454545454545455
0.631578947368421,0.0454545454545455
0.684210526315789,0.0454545454545455
0.736842105263158,0.0454545454545455
0.789473684210526,0.0454545454545455
0.842105263157895,0.0454545454545455
0.894736842105263,0.0454545454545455
0.947368421052632,0.0454545454545455
1,0.0454545454545455
0,0.0505050505050505
0.0526315789473684,0.0505050505050505
0.105263157894737,0.0505050505050505
0.157894736842105,0.0505050505050505
0.210526315789474,0.0505050505050505
0.263157894736842,0.0505050505050505
0.315789473684211,0.0505050505050505
0.368421052631579,0.0505050505050505
0.421052631578947,0.0505050505050505
0.473684210526316,0.0505050505050505
0.526315789473684,0.0505050505050505
0.578947368421053,0.0505050505050505
0.631578947368421,0.0505050505050505
0.684210526315789,0.0505050505050505
0.736842105263158,0.0505050505050505
0.789473684210526,0.0505050505050505
0.842105263157895,0.0505050505050505
0.894736842105263,0.0505050505050505
0.947368421052632,0.0505050505050505
1,0.0505050505050505
0,0.0555555555555556
0.0526315789473684,0.0555555555555556
0.105263157894737,0.0555555555555556
0.157894736842105,0.0555555555555556
0.210526315789474,0.0555555555555556
0.263157894736842,0.0555555555555556
0.315789473684211,0.0555555555555556
0.368421052631579,0.0555555555555556
0.421052631578947,0.0555555555555556
0.473684210526316,0.0555555555555556
0.526315789473684,0.0555555555555556
0.578947368421053,0.0555555555555556
0.631578947368421,0.0555555555555556
0.684210526315789,0.0555555555555556
0.736842105263158,0.0555555555555556
0.789473684210526,0.0555555555555556
0.842105263157895,0.0555555555555556
0.894736842105263,0.0555555555555556
0.947368421052632,0.0555555555555556
1,0.0555555555555556
0,0.0606060606060606
0.0526315789473684,0.0606060606060606
0.105263157894737,0.0606060606060606
0.157894736842105,0.0606060606060606
0.210526315789474,0.0606060606060606
0.263157894736842,0.0606060606060606
0.315789473684211,0.0606060606060606
0.368421052631579,0.0606060606060606
0.421052631578947,0.0606060606060606
0.473684210526316,0.0606060606060606
0.526315789473684,0.0606060606060606
0.578947368421053,0.0606060606060606
0.631578947368421,0.0606060606060606
0.684210526315789,0.0606060606060606
0.736842105263158,0.0606060606060606
0.789473684210526,0.0606060606060606
0.842105263157895,0.0606060606060606
0.894736842105263,0.0606060606060606
0.947368421052632,0.0606060606060606
1,0.0606060606060606
0,0.0656565656565657
0.0526315789473684,0.0656565656565657
0.105263157894737,0.0656565656565657
0.157894736842105,0.0656565656565657
0.210526315789474,0.0656565656565657
0.263157894736842,0.0656565656565657
0.315789473684211,0.0656565656565657
0.368421052631579,0.0656565656565657
0.421052631578947,0.0656565656565657
0.473684210526316,0.0656565656565657
0.526315789473684,0.0656565656565657
0.578947368421053,0.0656565656565657
0.631578947368421,0.0656565656565657
0.684210526315789,0.0656565656565657
0.736842105263158,0.0656565656565657
0.789473684210526,0.0656565656565657
0.842105263157895,0.0656565656565657
0.894736842105263,0.0656565656565657
0.947368421052632,0.0656565656565657
1,0.0656565656565657
0,0.0707070707070707
0.0526315789473684,0.0707070707070707
0.105263157894737,0.0707070707070707
0.157894736842105,0.0707070707070707
0.210526315789474,0.0707070707070707
0.263157894736842,0.0707070707070707
0.315789473684211,0.0707070707070707
0.368421052631579,0.0707070707070707
0.421052631578947,0.0707070707070707
0.473684210526316,0.0707070707070707
0.526315789473684,0.0707070707070707
0.578947368421053,0.0707070707070707
0.631578947368421,0.0707070707070707
0.684210526315789,0.0707070707070707
0.736842105263158,0.0707070707070707
0.789473684210526,0.0707070707070707
0.842105263157895,0.0707070707070707
0.894736842105263,0.0707070707070707
0.947368421052632,0.0707070707070707
1,0.0707070707070707
0,0.0757575757575758
0.0526315789473684,0.0757575757575758
0.105263157894737,0.0757575757575758
0.157894736842105,0.0757575757575758
0.210526315789474,0.0757575757575758
0.263157894736842,0.0757575757575758
0.315789473684211,0.0757575757575758
0.368421052631579,0.0757575757575758
0.421052631578947,0.0757575757575758
0.473684210526316,0.0757575757575758
0.526315789473684,0.0757575757575758
0.578947368421053,0.0757575757575758
0.631578947368421,0.0757575757575758
0.684210526315789,0.0757575757575758
0.736842105263158,0.0757575757575758
0.789473684210526,0.0757575757575758
0.842105263157895,0.0757575757575758
0.894736842105263,0.0757575757575758
0.947368421052632,0.0757575757575758
1,0.0757575757575758
0,0.0808080808080808
0.0526315789473684,0.0808080808080808
0.105263157894737,0.0808080808080808
0.157894736842105,0.0808080808080808
0.210526315789474,0.0808080808080808
0.263157894736842,0.0808080808080808
0.315789473684211,0.0808080808080808
0.368421052631579,0.0808080808080808
0.421052631578947,0.0808080808080808
0.473684210526316,0.0808080808080808
0.526315789473684,0.0808080808080808
0.578947368421053,0.0808080808080808
0.631578947368421,0.0808080808080808
0.684210526315789,0.0808080808080808
0.736842105263158,0.0808080808080808
0.789473684210526,0.0808080808080808
0.842105263157895,0.0808080808080808
0.894736842105263,0.0808080808080808
0.947368421052632,0.0808080808080808
1,0.0808080808080808
0,0.0858585858585859
0.0526315789473684,0.0858585858585859
0.105263157894737,0.0858585858585859
0.157894736842105,0.0858585858585859
0.210526315789474,0.0858585858585859
0.263157894736842,0.0858585858585859
0.315789473684211,0.0858585858585859
0.368421052631579,0.0858585858585859
0.421052631578947,0.0858585858585859
0.473684210526316,0.0858585858585859
0.526315789473684,0.0858585858585859
0.578947368421053,0.0858585858585859
0.631578947368421,0.0858585858585859
0.684210526315789,0.0858585858585859
0.736842105263158,0.0858585858585859
0.789473684210526,0.0858585858585859
0.842105263157895,0.0858585858585859
0.894736842105263,0.0858585858585859
0.947368421052632,0.0858585858585859
1,0.0858585858585859
0,0.0909090909090909
0.0526315789473684,0.0909090909090909
0.105263157894737,0.0909090909090909
0.157894736842105,0.0909090909090909
0.210526315789474,0.0909090909090909
0.263157894736842,0.0909090909090909
0.315789473684211,0.0909090909090909
0.368421052631579,0.0909090909090909
0.421052631578947,0.0909090909090909
0.473684210526316,0.0909090909090909
0.526315789473684,0.0909090909090909
0.578947368421053,0.0909090909090909
0.631578947368421,0.0909090909090909
0.684210526315789,0.0909090909090909
0.736842105263158,0.0909090909090909
0.789473684210526,0.0909090909090909
0.842105263157895,0.0909090909090909
0.894736842105263,0.0909090909090909
0.947368421052632,0.0909090909090909
1,0.0909090909090909
0,0.0959595959595960
0.0526315789473684,0.0959595959595960
0.105263157894737,0.0959595959595960
0.157894736842105,0.0959595959595960
0.210526315789474,0.0959595959595960
0.263157894736842,0.0959595959595960
0.315789473684211,0.0959595959595960
0.368421052631579,0.0959595959595960
0.421052631578947,0.0959595959595960
0.473684210526316,0.0959595959595960
0.526315789473684,0.0959595959595960
0.578947368421053,0.0959595959595960
0.631578947368421,0.0959595959595960
0.684210526315789,0.0959595959595960
0.736842105263158,0.0959595959595960
0.789473684210526,0.0959595959595960
0.842105263157895,0.0959595959595960
0.894736842105263,0.0959595959595960
0.947368421052632,0.0959595959595960
1,0.0959595959595960
0,0.101010101010101
0.0526315789473684,0.101010101010101
0.105263157894737,0.101010101010101
0.157894736842105,0.101010101010101
0.210526315789474,0.101010101010101
0.263157894736842,0.101010101010101
0.315789473684211,0.101010101010101
0.368421052631579,0.101010101010101
0.421052631578947,0.101010101010101
0.473684210526316,0.101010101010101
0.526315789473684,0.101010101010101
0.578947368421053,0.101010101010101
0.631578947368421,0.101010101010101
0.684210526315789,0.101010101010101
0.736842105263158,0.101010101010101
0.789473684210526,0.101010101010101
0.842105263157895,0.101010101010101
0.894736842105263,0.101010101010101
0.947368421052632,0.101010101010101
1,0.101010101010101
0,0.106060606060606
0.0526315789473684,0.106060606060606
0.105263157894737,0.106060606060606
0.157894736842105,0.106060606060606
0.210526315789474,0.106060606060606
0.263157894736842,0.106060606060606
0.315789473684211,0.106060606060606
0.368421052631579,0.106060606060606
0.421052631578947,0.106060606060606
0.473684210526316,0.106060606060606
0.526315789473684,0.106060606060606
0.578947368421053,0.106060606060606
0.631578947368421,0.106060606060606
0.684210526315789,0.106060606060606
0.736842105263158,0.106060606060606
0.789473684210526,0.106060606060606
0.842105263157895,0.106060606060606
0.894736842105263,0.106060606060606
0.947368421052632,0.106060606060606
1,0.106060606060606
0,0.111111111111111
0.0526315789473684,0.111111111111111
0.105263157894737,0.111111111111111
0.157894736842105,0.111111111111111
0.210526315789474,0.111111111111111
0.263157894736842,0.111111111111111
0.315789473684211,0.111111111111111
0.368421052631579,0.111111111111111
0.421052631578947,0.111111111111111
0.473684210526316,0.111111111111111
0.526315789473684,0.111111111111111
0.578947368421053,0.111111111111111
0.631578947368421,0.111111111111111
0.684210526315789,0.111111111111111
0.736842105263158,0.111111111111111
0.789473684210526,0.111111111111111
0.842105263157895,0.111111111111111
0.894736842105263,0.111111111111111
0.947368421052632,0.111111111111111
1,0.111111111111111
0,0.116161616161616
0.0526315789473684,0.116161616161616
0.105263157894737,0.116161616161616
0.157894736842105,0.116161616161616
0.210526315789474,0.116161616161616
0.263157894736842,0.116161616161616
0.315789473684211,0.116161616161616
0.368421052631579,0.116161616161616
0.421052631578947,0.116161616161616
0.473684210526316,0.116161616161616
0.526315789473684,0.116161616161616
0.578947368421053,0.116161616161616
0.631578947368421,0.116161616161616
0.684210526315789,0.116161616161616
0.736842105263158,0.116161616161616
0.789473684210526,0.116161616161616
0.842105263157895,0.116161616161616
0.894736842105263,0.116161616161616
0.947368421052632,0.116161616161616
1,0.116161616161616
0,0.121212121212121
0.0526315789473684,0.121212121212121
0.105263157894737,0.121212121212121
0.157894736842105,0.121212121212121
0.210526315789474,0.121212121212121
0.263157894736842,0.121212121212121
0.315789473684211,0.121212121212121
0.368421052631579,0.121212121212121
0.421052631578947,0.121212121212121
0.473684210526316,0.121212121212121
0.526315789473684,0.121212121212121
0.578947368421053,0.121212121212121
0.631578947368421,0.121212121212121
0.684210526315789,0.121212121212121
0.736842105263158,0.121212121212121
0.789473684210526,0.121212121212121
0.842105263157895,0.121212121212121
0.894736842105263,0.121212121212121
0.947368421052632,0.121212121212121
1,0.121212121212121
0,0.126262626262626
0.0526315789473684,0.126262626262626
0.105263157894737,0.126262626262626
0.157894736842105,0.126262626262626
0.210526315789474,0.126262626262626
0.263157894736842,0.126262626262626
0.315789473684211,0.126262626262626
0.368421052631579,0.126262626262626
0.421052631578947,0.126262626262626
0.473684210526316,0.126262626262626
0.526315789473684,0.126262626262626
0.578947368421053,0.126262626262626
0.631578947368421,0.126262626262626
0.684210526315789,0.126262626262626
0.736842105263158,0.126262626262626
0.789473684210526,0.126262626262626
0.842105263157895,0.126262626262626
0.894736842105263,0.126262626262626
0.947368421052632,0.126262626262626
1,0.126262626262626
0,0.131313131313131
0.0526315789473684,0.131313131313131
0.105263157894737,0.131313131313131
0.157894736842105,0.131313131313131
0.210526315789474,0.131313131313131
0.263157894736842,0.131313131313131
0.315789473684211,0.131313131313131
0.368421052631579,0.131313131313131
0.421052631578947,0.131313131313131
0.473684210526316,0.131313131313131
0.526315789473684,0.131313131313131
0.578947368421053,0.131313131313131
0.631578947368421,0.131313131313131
0.684210526315789,0.131313131313131
0.736842105263158,0.131313131313131
0.789473684210526,0.131313131313131
0.842105263157895,0.131313131313131
0.894736842105263,0.131313131313131
0.947368421052632,0.131313131313131
1,0.131313131313131
0,0.136363636363636
0.0526315789473684,0.136363636363636
0.105263157894737,0.136363636363636
0.157894736842105,0.136363636363636
0.210526315789474,0.136363636363636
0.263157894736842,0.136363636363636
0.315789473684211,0.136363636363636
0.368421052631579,0.136363636363636
0.421052631578947,0.136363636363636
0.473684210526316,0.136363636363636
0.526315789473684,0.136363636363636
0.578947368421053,0.136363636363636
0.631578947368421,0.136363636363636
0.684210526315789,0.136363636363636
0.736842105263158,0.136363636363636
0.789473684210526,0.136363636363636
0.842105263157895,0.136363636363636
0.894736842105263,0.136363636363636
0.947368421052632,0.136363636363636
1,0.136363636363636
0,0.141414141414141
0.0526315789473684,0.141414141414141
0.105263157894737,0.141414141414141
0.157894736842105,0.141414141414141
0.210526315789474,0.141414141414141
0.263157894736842,0.141414141414141
0.315789473684211,0.141414141414141
0.368421052631579,0.141414141414141
0.421052631578947,0.141414141414141
0.473684210526316,0.141414141414141
0.526315789473684,0.141414141414141
0.578947368421053,0.141414141414141
0.631578947368421,0.141414141414141
0.684210526315789,0.141414141414141
0.736842105263158,0.141414141414141
0.789473684210526,0.141414141414141
0.842105263157895,0.141414141414141
0.894736842105263,0.141414141414141
0.947368421052632,0.141414141414141
1,0.141414141414141
0,0.146464646464646
0.0526315789473684,0.146464646464646
0.105263157894737,0.146464646464646
0.157894736842105,0.146464646464646
0.210526315789474,0.146464646464646
0.263157894736842,0.146464646464646
0.315789473684211,0.146464646464646
0.368421052631579,0.146464646464646
0.421052631578947,0.146464646464646
0.473684210526316,0.146464646464646
0.526315789473684,0.146464646464646
0.578947368421053,0.146464646464646
0.631578947368421,0.146464646464646
0.684210526315789,0.146464646464646
0.736842105263158,0.146464646464646
0.789473684210526,0.146464646464646
0.842105263157895,0.146464646464646
0.894736842105263,0.146464646464646
0.947368421052632,0.146464646464646
1,0.146464646464646
0,0.151515151515152
0.0526315789473684,0.151515151515152
0.105263157894737,0.151515151515152
0.157894736842105,0.151515151515152
0.210526315789474,0.151515151515152
0.263157894736842,0.151515151515152
0.315789473684211,0.151515151515152
0.368421052631579,0.151515151515152
0.421052631578947,0.151515151515152
0.473684210526316,0.151515151515152
0.526315789473684,0.151515151515152
0.578947368421053,0.151515151515152
0.631578947368421,0.151515151515152
0.684210526315789,0.151515151515152
0.736842105263158,0.151515151515152
0.789473684210526,0.151515151515152
0.842105263157895,0.151515151515152
0.894736842105263,0.151515151515152
0.947368421052632,0.151515151515152
1,0.151515151515152
0,0.156565656565657
0.0526315789473684,0.156565656565657
0.105263157894737,0.156565656565657
0.157894736842105,0.156565656565657
0.210526315789474,0.156565656565657
0.263157894736842,0.156565656565657
0.315789473684211,0.156565656565657
0.368421052631579,0.156565656565657
0.421052631578947,0.156565656565657
0.473684210526316,0.156565656565657
0.526315789473684,0.156565656565657
0.578947368421053,0.156565656565657
0.631578947368421,0.156565656565657
0.684210526315789,0.156565656565657
0.736842105263158,0.156565656565657
0.789473684210526,0.156565656565657
0.842105263157895,0.156565656565657
0.894736842105263,0.156565656565657
0.947368421052632,0.156565656565657
1,0.156565656565657
0,0.161616161616162
0.0526315789473684,0.161616161616162
0.105263157894737,0.161616161616162
0.157894736842105,0.161616161616162
0.210526315789474,0.161616161616162
0.263157894736842,0.161616161616162
0.315789473684211,0.161616161616162
0.368421052631579,0.161616161616162
0.421052631578947,0.161616161616162
0.473684210526316,0.161616161616162
0.526315789473684,0.161616161616162
0.578947368421053,0.161616161616162
0.631578947368421,0.161616161616162
0.684210526315789,0.161616161616162
0.736842105263158,0.161616161616162
0.789473684210526,0.161616161616162
0.842105263157895,0.161616161616162
0.894736842105263,0.161616161616162
0.947368421052632,0.161616161616162
1,0.161616161616162
0,0.166666666666667
0.0526315789473684,0.166666666666667
0.105263157894737,0.166666666666667
0.157894736842105,0.166666666666667
0.210526315789474,0.166666666666667
0.263157894736842,0.166666666666667
0.315789473684211,0.166666666666667
0.368421052631579,0.166666666666667
0.421052631578947,0.166666666666667
0.473684210526316,0.166666666666667
0.526315789473684,0.166666666666667
0.578947368421053,0.166666666666667
0.631578947368421,0.166666666666667
0.684210526315789,0.166666666666667
0.736842105263158,0.166666666666667
0.789473684210526,0.166666666666667
0.842105263157895,0.166666666666667
0.894736842105263,0.166666666666667
0.947368421052632,0.166666666666667
1,0.166666666666667
0,0.171717171717172
0.0526315789473684,0.171717171717172
0.105263157894737,0.171717171717172
0.157894736842105,0.171717171717172
0.210526315789474,0.171717171717172
0.263157894736842,0.171717171717172
0.315789473684211,0.171717171717172
0.368421052631579,0.171717171717172
0.421052631578947,0.171717171717172
0.473684210526316,0.171717171717172
0.526315789473684,0.171717171717172
0.578947368421053,0.171717171717172
0.631578947368421,0.171717171717172
0.684210526315789,0.171717171717172
0.736842105263158,0.171717171717172
0.789473684210526,0.171717171717172
0.842105263157895,0.171717171717172
0.894736842105263,0.171717171717172
0.947368421052632,0.171717171717172
1,0.171717171717172
0,0.176767676767677
0.0526315789473684,0.176767676767677
0.105263157894737,0.176767676767677
0.157894736842105,0.176767676767677
0.210526315789474,0.176767676767677
0.263157894736842,0.176767676767677
0.315789473684211,0.176767676767677
0.368421052631579,0.176767676767677
0.421052631578947,0.176767676767677
0.473684210526316,0.176767676767677
0.526315789473684,0.176767676767677
0.578947368421053,0.176767676767677
0.631578947368421,0.176767676767677
0.684210526315789,0.176767676767677
0.736842105263158,0.176767676767677
0.789473684210526,0.176767676767677
0.842105263157895,0.176767676767677
0.894736842105263,0.176767676767677
0.947368421052632,0.176767676767677
1,0.176767676767677
0,0.181818181818182
0.0526315789473684,0.181818181818182
0.105263157894737,0.181818181818182
0.157894736842105,0.181818181818182
0.210526315789474,0.181818181818182
0.263157894736842,0.181818181818182
0.315789473684211,0.181818181818182
0.368421052631579,0.181818181818182
0.421052631578947,0.181818181818182
0.473684210526316,0.181818181818182
0.526315789473684,0.181818181818182
0.578947368421053,0.181818181818182
0.631578947368421,0.181818181818182
0.684210526315789,0.181818181818182
0.736842105263158,0.181818181818182
0.789473684210526,0.181818181818182
0.842105263157895,0.181818181818182
0.894736842105263,0.181818181818182
0.947368421052632,0.181818181818182
1,0.181818181818182
0,0.186868686868687
0.0526315789473684,0.186868686868687
0.105263157894737,0.186868686868687
0.157894736842105,0.186868686868687
0.210526315789474,0.186868686868687
0.263157894736842,0.186868686868687
0.315789473684211,0.186868686868687
0.368421052631579,0.186868686868687
0.421052631578947,0.186868686868687
0.473684210526316,0.186868686868687
0.526315789473684,0.186868686868687
0.578947368421053,0.186868686868687
0.631578947368421,0.186868686868687
0.684210526315789,0.186868686868687
0.736842105263158,0.186868686868687
0.789473684210526,0.186868686868687
0.842105263157895,0.186868686868687
0.894736842105263,0.186868686868687
0.947368421052632,0.186868686868687
1,0.186868686868687
0,0.191919191919192
0.0526315789473684,0.191919191919192
0.105263157894737,0.191919191919192
0.157894736842105,0.191919191919192
0.210526315789474,0.191919191919192
0.263157894736842,0.191919191919192
0.315789473684211,0.191919191919192
0.368421052631579,0.191919191919192
0.421052631578947,0.191919191919192
0.473684210526316,0.191919191919192
0.526315789473684,0.191919191919192
0.578947368421053,0.191919191919192
0.631578947368421,0.191919191919192
0.684210526315789,0.191919191919192
0.736842105263158,0.191919191919192
0.789473684210526,0.191919191919192
0.842105263157895,0.191919191919192
0.894736842105263,0.191919191919192
0.947368421052632,0.191919191919192
1,0.191919191919192
0,0.196969696969697
0.0526315789473684,0.196969696969697
0.105263157894737,0.196969696969697
0.157894736842105,0.196969696969697
0.210526315789474,0.196969696969697
0.263157894736842,0.196969696969697
0.315789473684211,0.196969696969697
0.368421052631579,0.196969696969697
0.421052631578947,0.196969696969697
0.473684210526316,0.196969696969697
0.526315789473684,0.196969696969697
0.578947368421053,0.196969696969697
0.631578947368421,0.196969696969697
0.684210526315789,0.196969696969697
0.736842105263158,0.196969696969697
0.789473684210526,0.196969696969697
0.842105263157895,0.196969696969697
0.894736842105263,0.196969696969697
0.947368421052632,0.196969696969697
1,0.196969696969697
0,0.202020202020202
0.0526315789473684,0.202020202020202
0.105263157894737,0.202020202020202
0.157894736842105,0.202020202020202
0.210526315789474,0.202020202020202
0.263157894736842,0.202020202020202
0.315789473684211,0.202020202020202
0.368421052631579,0.202020202020202
0.421052631578947,0.202020202020202
0.473684210526316,0.202020202020202
0.526315789473684,0.202020202020202
0.578947368421053,0.202020202020202
0.631578947368421,0.202020202020202
0.684210526315789,0.202020202020202
0.736842105263158,0.202020202020202
0.789473684210526,0.202020202020202
0.842105263157895,0.202020202020202
0.894736842105263,0.202020202020202
0.947368421052632,0.202020202020202
1,0.202020202020202
0,0.207070707070707
0.0526315789473684,0.207070707070707
0.105263157894737,0.207070707070707
0.157894736842105,0.207070707070707
0.210526315789474,0.207070707070707
0.263157894736842,0.207070707070707
0.315789473684211,0.207070707070707
0.368421052631579,0.207070707070707
0.421052631578947,0.207070707070707
0.473684210526316,0.207070707070707
0.526315789473684,0.207070707070707
0.578947368421053,0.207070707070707
0.631578947368421,0.207070707070707
0.684210526315789,0.207070707070707
0.736842105263158,0.207070707070707
0.789473684210526,0.207070707070707
0.842105263157895,0.207070707070707
0.894736842105263,0.207070707070707
0.947368421052632,0.207070707070707
1,0.207070707070707
0,0.212121212121212
0.0526315789473684,0.212121212121212
0.105263157894737,0.212121212121212
0.157894736842105,0.212121212121212
0.210526315789474,0.212121212121212
0.263157894736842,0.212121212121212
0.315789473684211,0.212121212121212
0.368421052631579,0.212121212121212
0.421052631578947,0.212121212121212
0.473684210526316,0.212121212121212
0.526315789473684,0.212121212121212
0.578947368421053,0.212121212121212
0.631578947368421,0.212121212121212
0.684210526315789,0.212121212121212
0.736842105263158,0.212121212121212
0.789473684210526,0.212121212121212
0.842105263157895,0.212121212121212
0.894736842105263,0.212121212121212
0.947368421052632,0.212121212121212
1,0.212121212121212
0,0.217171717171717
0.0526315789473684,0.217171717171717
0.105263157894737,0.217171717171717
0.157894736842105,0.217171717171717
0.210526315789474,0.217171717171717
0.263157894736842,0.217171717171717
0.315789473684211,0.217171717171717
0.368421052631579,0.217171717171717
0.421052631578947,0.217171717171717
0.473684210526316,0.217171717171717
0.526315789473684,0.217171717171717
0.578947368421053,0.217171717171717
0.631578947368421,0.217171717171717
0.684210526315789,0.217171717171717
0.736842105263158,0.217171717171717
0.789473684210526,0.217171717171717
0.842105263157895,0.217171717171717
0.894736842105263,0.217171717171717
0.947368421052632,0.217171717171717
1,0.217171717171717
0,0.222222222222222
0.0526315789473684,0.222222222222222
0.105263157894737,0.222222222222222
0.157894736842105,0.222222222222222
0.210526315789474,0.222222222222222
0.263157894736842,0.222222222222222
0.315789473684211,0.222222222222222
0.368421052631579,0.222222222222222
0.421052631578947,0.222222222222222
0.473684210526316,0.222222222222222
0.526315789473684,0.222222222222222
0.578947368421053,0.222222222222222
0.631578947368421,0.222222222222222
0.684210526315789,0.222222222222222
0.736842105263158,0.222222222222222
0.789473684210526,0.222222222222222
0.842105263157895,0.222222222222222
0.894736842105263,0.222222222222222
0.947368421052632,0.222222222222222
1,0.222222222222222
0,0.227272727272727
0.0526315789473684,0.227272727272727
0.105263157894737,0.227272727272727
0.157894736842105,0.227272727272727
0.210526315789474,0.227272727272727
0.263157894736842,0.227272727272727
0.315789473684211,0.227272727272727
0.368421052631579,0.227272727272727
0.421052631578947,0.227272727272727
0.473684210526316,0.227272727272727
0.526315789473684,0.227272727272727
0.578947368421053,0.227272727272727
0.631578947368421,0.227272727272727
0.684210526315789,0.227272727272727
0.736842105263158,0.227272727272727
0.789473684210526,0.227272727272727
0.842105263157895,0.227272727272727
0.894736842105263,0.227272727272727
0.947368421052632,0.227272727272727
1,0.227272727272727
0,0.232323232323232
0.0526315789473684,0.232323232323232
0.105263157894737,0.232323232323232
0.157894736842105,0.232323232323232
0.210526315789474,0.232323232323232
0.263157894736842,0.232323232323232
0.315789473684211,0.232323232323232
0.368421052631579,0.232323232323232
0.421052631578947,0.232323232323232
0.473684210526316,0.232323232323232
0.526315789473684,0.232323232323232
0.578947368421053,0.232323232323232
0.631578947368421,0.232323232323232
0.684210526315789,0.232323232323232
0.736842105263158,0.232323232323232
0.789473684210526,0.232323232323232
0.842105263157895,0.232323232323232
0.894736842105263,0.232323232323232
0.947368421052632,0.232323232323232
1,0.232323232323232
0,0.237373737373737
0.0526315789473684,0.237373737373737
0.105263157894737,0.237373737373737
0.157894736842105,0.237373737373737
0.210526315789474,0.237373737373737
0.263157894736842,0.237373737373737
0.315789473684211,0.237373737373737
0.368421052631579,0.237373737373737
0.421052631578947,0.237373737373737
0.473684210526316,0.237373737373737
0.526315789473684,0.237373737373737
0.578947368421053,0.237373737373737
0.631578947368421,0.237373737373737
0.684210526315789,0.237373737373737
0.736842105263158,0.237373737373737
0.789473684210526,0.237373737373737
0.842105263157895,0.237373737373737
0.894736842105263,0.237373737373737
0.947368421052632,0.237373737373737
1,0.237373737373737
0,0.242424242424242
0.0526315789473684,0.242424242424242
0.105263157894737,0.242424242424242
0.157894736842105,0.242424242424242
0.210526315789474,0.242424242424242
0.263157894736842,0.242424242424242
0.315789473684211,0.242424242424242
0.368421052631579,0.242424242424242
0.421052631578947,0.242424242424242
0.473684210526316,0.242424242424242
0.526315789473684,0.242424242424242
0.578947368421053,0.242424242424242
0.631578947368421,0.242424242424242
0.684210526315789,0.242424242424242
0.736842105263158,0.242424242424242
0.789473684210526,0.242424242424242
0.842105263157895,0.242424242424242
0.894736842105263,0.242424242424242
0.947368421052632,0.242424242424242
1,0.242424242424242
0,0.247474747474748
0.0526315789473684,0.247474747474748
0.105263157894737,0.247474747474748
0.157894736842105,0.247474747474748
0.210526315789474,0.247474747474748
0.263157894736842,0.247474747474748
0.315789473684211,0.247474747474748
0.368421052631579,0.247474747474748
0.421052631578947,0.247474747474748
0.473684210526316,0.247474747474748
0.526315789473684,0.247474747474748
0.578947368421053,0.247474747474748
0.631578947368421,0.247474747474748
0.684210526315789,0.247474747474748
0.736842105263158,0.247474747474748
0.789473684210526,0.247474747474748
0.842105263157895,0.247474747474748
0.894736842105263,0.247474747474748
0.947368421052632,0.247474747474748
1,0.247474747474748
0,0.252525252525253
0.0526315789473684,0.252525252525253
0.105263157894737,0.252525252525253
0.157894736842105,0.252525252525253
0.210526315789474,0.252525252525253
0.263157894736842,0.252525252525253
0.315789473684211,0.252525252525253
0.368421052631579,0.252525252525253
0.421052631578947,0.252525252525253
0.473684210526316,0.252525252525253
0.526315789473684,0.252525252525253
0.578947368421053,0.252525252525253
0.631578947368421,0.252525252525253
0.684210526315789,0.252525252525253
0.736842105263158,0.252525252525253
0.789473684210526,0.252525252525253
0.842105263157895,0.252525252525253
0.894736842105263,0.252525252525253
0.947368421052632,0.252525252525253
1,0.252525252525253
0,0.257575757575758
0.0526315789473684,0.257575757575758
0.105263157894737,0.257575757575758
0.157894736842105,0.257575757575758
0.210526315789474,0.257575757575758
0.263157894736842,0.257575757575758
0.315789473684211,0.257575757575758
0.368421052631579,0.257575757575758
0.421052631578947,0.257575757575758
0.473684210526316,0.257575757575758
0.526315789473684,0.257575757575758
0.578947368421053,0.257575757575758
0.631578947368421,0.257575757575758
0.684210526315789,0.257575757575758
0.736842105263158,0.257575757575758
0.789473684210526,0.257575757575758
0.842105263157895,0.257575757575758
0.894736842105263,0.257575757575758
0.947368421052632,0.257575757575758
1,0.257575757575758
0,0.262626262626263
0.0526315789473684,0.262626262626263
0.105263157894737,0.262626262626263
0.157894736842105,0.262626262626263
0.210526315789474,0.262626262626263
0.263157894736842,0.262626262626263
0.315789473684211,0.262626262626263
0.368421052631579,0.262626262626263
0.421052631578947,0.262626262626263
0.473684210526316,0.262626262626263
0.526315789473684,0.262626262626263
0.578947368421053,0.262626262626263
0.631578947368421,0.262626262626263
0.684210526315789,0.262626262626263
0.736842105263158,0.262626262626263
0.789473684210526,0.262626262626263
0.842105263157895,0.262626262626263
0.894736842105263,0.262626262626263
0.947368421052632,0.262626262626263
1,0.262626262626263
0,0.267676767676768
0.0526315789473684,0.267676767676768
0.105263157894737,0.267676767676768
0.157894736842105,0.267676767676768
0.210526315789474,0.267676767676768
0.263157894736842,0.267676767676768
0.315789473684211,0.267676767676768
0.368421052631579,0.267676767676768
0.421052631578947,0.267676767676768
0.473684210526316,0.267676767676768
0.526315789473684,0.267676767676768
0.578947368421053,0.267676767676768
0.631578947368421,0.267676767676768
0.684210526315789,0.267676767676768
0.736842105263158,0.267676767676768
0.789473684210526,0.267676767676768
0.842105263157895,0.267676767676768
0.894736842105263,0.267676767676768
0.947368421052632,0.267676767676768
1,0.267676767676768
0,0.272727272727273
0.0526315789473684,0.272727272727273
0.105263157894737,0.272727272727273
0.157894736842105,0.272727272727273
0.210526315789474,0.272727272727273
0.263157894736842,0.272727272727273
0.315789473684211,0.272727272727273
0.368421052631579,0.272727272727273
0.421052631578947,0.272727272727273
0.473684210526316,0.272727272727273
0.526315789473684,0.272727272727273
0.578947368421053,0.272727272727273
0.631578947368421,0.272727272727273
0.684210526315789,0.272727272727273
0.736842105263158,0.272727272727273
0.789473684210526,0.272727272727273
0.842105263157895,0.272727272727273
0.894736842105263,0.272727272727273
0.947368421052632,0.272727272727273
1,0.272727272727273
0,0.277777777777778
0.0526315789473684,0.277777777777778
0.105263157894737,0.277777777777778
0.157894736842105,0.277777777777778
0.210526315789474,0.277777777777778
0.263157894736842,0.277777777777778
0.315789473684211,0.277777777777778
0.368421052631579,0.277777777777778
0.421052631578947,0.277777777777778
0.473684210526316,0.277777777777778
0.526315789473684,0.277777777777778
0.578947368421053,0.277777777777778
0.631578947368421,0.277777777777778
0.684210526315789,0.277777777777778
0.736842105263158,0.277777777777778
0.789473684210526,0.277777777777778
0.842105263157895,0.277777777777778
0.894736842105263,0.277777777777778
0.947368421052632,0.277777777777778
1,0.277777777777778
0,0.282828282828283
0.0526315789473684,0.282828282828283
0.105263157894737,0.282828282828283
0.157894736842105,0.282828282828283
0.210526315789474,0.282828282828283
0.263157894736842,0.282828282828283
0.315789473684211,0.282828282828283
0.368421052631579,0.282828282828283
0.421052631578947,0.282828282828283
0.473684210526316,0.282828282828283
0.526315789473684,0.282828282828283
0.578947368421053,0.282828282828283
0.631578947368421,0.282828282828283
0.684210526315789,0.282828282828283
0.736842105263158,0.282828282828283
0.789473684210526,0.282828282828283
0.842105263157895,0.282828282828283
0.894736842105263,0.282828282828283
0.947368421052632,0.282828282828283
1,0.282828282828283
0,0.287878787878788
0.0526315789473684,0.287878787878788
0.105263157894737,0.287878787878788
0.157894736842105,0.287878787878788
0.210526315789474,0.287878787878788
0.263157894736842,0.287878787878788
0.315789473684211,0.287878787878788
0.368421052631579,0.287878787878788
0.421052631578947,0.287878787878788
0.473684210526316,0.287878787878788
0.526315789473684,0.287878787878788
0.578947368421053,0.287878787878788
0.631578947368421,0.287878787878788
0.684210526315789,0.287878787878788
0.736842105263158,0.287878787878788
0.789473684210526,0.287878787878788
0.842105263157895,0.287878787878788
0.894736842105263,0.287878787878788
0.947368421052632,0.287878787878788
1,0.287878787878788
0,0.292929292929293
0.0526315789473684,0.292929292929293
0.105263157894737,0.292929292929293
0.157894736842105,0.292929292929293
0.210526315789474,0.292929292929293
0.263157894736842,0.292929292929293
0.315789473684211,0.292929292929293
0.368421052631579,0.292929292929293
0.421052631578947,0.292929292929293
0.473684210526316,0.292929292929293
0.526315789473684,0.292929292929293
0.578947368421053,0.292929292929293
0.631578947368421,0.292929292929293
0.684210526315789,0.292929292929293
0.736842105263158,0.292929292929293
0.789473684210526,0.292929292929293
0.842105263157895,0.292929292929293
0.894736842105263,0.292929292929293
0.947368421052632,0.292929292929293
1,0.292929292929293
0,0.297979797979798
0.0526315789473684,0.297979797979798
0.105263157894737,0.297979797979798
0.157894736842105,0.297979797979798
0.210526315789474,0.297979797979798
0.263157894736842,0.297979797979798
0.315789473684211,0.297979797979798
0.368421052631579,0.297979797979798
0.421052631578947,0.297979797979798
0.473684210526316,0.297979797979798
0.526315789473684,0.297979797979798
0.578947368421053,0.297979797979798
0.631578947368421,0.297979797979798
0.684210526315789,0.297979797979798
0.736842105263158,0.297979797979798
0.789473684210526,0.297979797979798
0.842105263157895,0.297979797979798
0.894736842105263,0.297979797979798
0.947368421052632,0.297979797979798
1,0.297979797979798
0,0.303030303030303
0.0526315789473684,0.303030303030303
0.105263157894737,0.303030303030303
0.157894736842105,0.303030303030303
0.210526315789474,0.303030303030303
0.263157894736842,0.303030303030303
0.315789473684211,0.303030303030303
0.368421052631579,0.303030303030303
0.421052631578947,0.303030303030303
0.473684210526316,0.303030303030303
0.526315789473684,0.303030303030303
0.578947368421053,0.303030303030303
0.631578947368421,0.303030303030303
0.684210526315789,0.303030303030303
0.736842105263158,0.303030303030303
0.789473684210526,0.303030303030303
0.842105263157895,0.303030303030303
0.894736842105263,0.303030303030303
0.947368421052632,0.303030303030303
1,0.303030303030303
0,0.308080808080808
0.0526315789473684,0.308080808080808
0.105263157894737,0.308080808080808
0.157894736842105,0.308080808080808
0.210526315789474,0.308080808080808
0.263157894736842,0.308080808080808
0.315789473684211,0.308080808080808
0.368421052631579,0.308080808080808
0.421052631578947,0.308080808080808
0.473684210526316,0.308080808080808
0.526315789473684,0.308080808080808
0.578947368421053,0.308080808080808
0.631578947368421,0.308080808080808
0.684210526315789,0.308080808080808
0.736842105263158,0.308080808080808
0.789473684210526,0.308080808080808
0.842105263157895,0.308080808080808
0.894736842105263,0.308080808080808
0.947368421052632,0.308080808080808
1,0.308080808080808
0,0.313131313131313
0.0526315789473684,0.313131313131313
0.105263157894737,0.313131313131313
0.157894736842105,0.313131313131313
0.210526315789474,0.313131313131313
0.263157894736842,0.313131313131313
0.315789473684211,0.313131313131313
0.368421052631579,0.313131313131313
0.421052631578947,0.313131313131313
0.473684210526316,0.313131313131313
0.526315789473684,0.313131313131313
0.578947368421053,0.313131313131313
0.631578947368421,0.313131313131313
0.684210526315789,0.313131313131313
0.736842105263158,0.313131313131313
0.789473684210526,0.313131313131313
0.842105263157895,0.313131313131313
0.894736842105263,0.313131313131313
0.947368421052632,0.313131313131313
1,0.313131313131313
0,0.318181818181818
0.0526315789473684,0.318181818181818
0.105263157894737,0.318181818181818
0.157894736842105,0.318181818181818
0.210526315789474,0.318181818181818
0.263157894736842,0.318181818181818
0.315789473684211,0.318181818181818
0.368421052631579,0.318181818181818
0.421052631578947,0.318181818181818
0.473684210526316,0.318181818181818
0.526315789473684,0.318181818181818
0.578947368421053,0.318181818181818
0.631578947368421,0.318181818181818
0.684210526315789,0.318181818181818
0.736842105263158,0.318181818181818
0.789473684210526,0.318181818181818
0.842105263157895,0.318181818181818
0.894736842105263,0.318181818181818
0.947368421052632,0.318181818181818
1,0.318181818181818
0,0.323232323232323
0.0526315789473684,0.323232323232323
0.105263157894737,0.323232323232323
0.157894736842105,0.323232323232323
0.210526315789474,0.323232323232323
0.263157894736842,0.323232323232323
0.315789473684211,0.323232323232323
0.368421052631579,0.323232323232323
0.421052631578947,0.323232323232323
0.473684210526316,0.323232323232323
0.526315789473684,0.323232323232323
0.578947368421053,0.323232323232323
0.631578947368421,0.323232323232323
0.684210526315789,0.323232323232323
0.736842105263158,0.323232323232323
0.789473684210526,0.323232323232323
0.842105263157895,0.323232323232323
0.894736842105263,0.323232323232323
0.947368421052632,0.323232323232323
1,0.323232323232323
0,0.328282828282828
0.0526315789473684,0.328282828282828
0.105263157894737,0.328282828282828
0.157894736842105,0.328282828282828
0.210526315789474,0.328282828282828
0.263157894736842,0.328282828282828
0.315789473684211,0.328282828282828
0.368421052631579,0.328282828282828
0.421052631578947,0.328282828282828
0.473684210526316,0.328282828282828
0.526315789473684,0.328282828282828
0.578947368421053,0.328282828282828
0.631578947368421,0.328282828282828
0.684210526315789,0.328282828282828
0.736842105263158,0.328282828282828
0.789473684210526,0.328282828282828
0.842105263157895,0.328282828282828
0.894736842105263,0.328282828282828
0.947368421052632,0.328282828282828
1,0.328282828282828
0,0.333333333333333
0.0526315789473684,0.333333333333333
0.105263157894737,0.333333333333333
0.157894736842105,0.333333333333333
0.210526315789474,0.333333333333333
0.263157894736842,0.333333333333333
0.315789473684211,0.333333333333333
0.368421052631579,0.333333333333333
0.421052631578947,0.333333333333333
0.473684210526316,0.333333333333333
0.526315789473684,0.333333333333333
0.578947368421053,0.333333333333333
0.631578947368421,0.333333333333333
0.684210526315789,0.333333333333333
0.736842105263158,0.333333333333333
0.789473684210526,0.333333333333333
0.842105263157895,0.333333333333333
0.894736842105263,0.333333333333333
0.947368421052632,0.333333333333333
1,0.333333333333333
0,0.338383838383838
0.0526315789473684,0.338383838383838
0.105263157894737,0.338383838383838
0.157894736842105,0.338383838383838
0.210526315789474,0.338383838383838
0.263157894736842,0.338383838383838
0.315789473684211,0.338383838383838
0.368421052631579,0.338383838383838
0.421052631578947,0.338383838383838
0.473684210526316,0.338383838383838
0.526315789473684,0.338383838383838
0.578947368421053,0.338383838383838
0.631578947368421,0.338383838383838
0.684210526315789,0.338383838383838
0.736842105263158,0.338383838383838
0.789473684210526,0.338383838383838
0.842105263157895,0.338383838383838
0.894736842105263,0.338383838383838
0.947368421052632,0.338383838383838
1,0.338383838383838
0,0.343434343434344
0.0526315789473684,0.343434343434344
0.105263157894737,0.343434343434344
0.157894736842105,0.343434343434344
0.210526315789474,0.343434343434344
0.263157894736842,0.343434343434344
0.315789473684211,0.343434343434344
0.368421052631579,0.343434343434344
0.421052631578947,0.343434343434344
0.473684210526316,0.343434343434344
0.526315789473684,0.343434343434344
0.578947368421053,0.343434343434344
0.631578947368421,0.343434343434344
0.684210526315789,0.343434343434344
0.736842105263158,0.343434343434344
0.789473684210526,0.343434343434344
0.842105263157895,0.343434343434344
0.894736842105263,0.343434343434344
0.947368421052632,0.343434343434344
1,0.343434343434344
0,0.348484848484849
0.0526315789473684,0.348484848484849
0.105263157894737,0.348484848484849
0.157894736842105,0.348484848484849
0.210526315789474,0.348484848484849
0.263157894736842,0.348484848484849
0.315789473684211,0.348484848484849
0.368421052631579,0.348484848484849
0.421052631578947,0.348484848484849
0.473684210526316,0.348484848484849
0.526315789473684,0.348484848484849
0.578947368421053,0.348484848484849
0.631578947368421,0.348484848484849
0.684210526315789,0.348484848484849
0.736842105263158,0.348484848484849
0.789473684210526,0.348484848484849
0.842105263157895,0.348484848484849
0.894736842105263,0.348484848484849
0.947368421052632,0.348484848484849
1,0.348484848484849
0,0.353535353535354
0.0526315789473684,0.353535353535354
0.105263157894737,0.353535353535354
0.157894736842105,0.353535353535354
0.210526315789474,0.353535353535354
0.263157894736842,0.353535353535354
0.315789473684211,0.353535353535354
0.368421052631579,0.353535353535354
0.421052631578947,0.353535353535354
0.473684210526316,0.353535353535354
0.526315789473684,0.353535353535354
0.578947368421053,0.353535353535354
0.631578947368421,0.353535353535354
0.684210526315789,0.353535353535354
0.736842105263158,0.353535353535354
0.789473684210526,0.353535353535354
0.842105263157895,0.353535353535354
0.894736842105263,0.353535353535354
0.947368421052632,0.353535353535354
1,0.353535353535354
0,0.358585858585859
0.0526315789473684,0.358585858585859
0.105263157894737,0.358585858585859
0.157894736842105,0.358585858585859
0.210526315789474,0.358585858585859
0.263157894736842,0.358585858585859
0.315789473684211,0.358585858585859
0.368421052631579,0.358585858585859
0.421052631578947,0.358585858585859
0.473684210526316,0.358585858585859
0.526315789473684,0.358585858585859
0.578947368421053,0.358585858585859
0.631578947368421,0.358585858585859
0.684210526315789,0.358585858585859
0.736842105263158,0.358585858585859
0.789473684210526,0.358585858585859
0.842105263157895,0.358585858585859
0.894736842105263,0.358585858585859
0.947368421052632,0.358585858585859
1,0.358585858585859
0,0.363636363636364
0.0526315789473684,0.363636363636364
0.105263157894737,0.363636363636364
0.157894736842105,0.363636363636364
0.210526315789474,0.363636363636364
0.263157894736842,0.363636363636364
0.315789473684211,0.363636363636364
0.368421052631579,0.363636363636364
0.421052631578947,0.363636363636364
0.473684210526316,0.363636363636364
0.526315789473684,0.363636363636364
0.578947368421053,0.363636363636364
0.631578947368421,0.363636363636364
0.684210526315789,0.363636363636364
0.736842105263158,0.363636363636364
0.789473684210526,0.363636363636364
0.842105263157895,0.363636363636364
0.894736842105263,0.363636363636364
0.947368421052632,0.363636363636364
1,0.363636363636364
0,0.368686868686869
0.0526315789473684,0.368686868686869
0.105263157894737,0.368686868686869
0.157894736842105,0.368686868686869
0.210526315789474,0.368686868686869
0.263157894736842,0.368686868686869
0.315789473684211,0.368686868686869
0.368421052631579,0.368686868686869
0.421052631578947,0.368686868686869
0.473684210526316,0.368686868686869
0.526315789473684,0.368686868686869
0.578947368421053,0.368686868686869
0.631578947368421,0.368686868686869
0.684210526315789,0.368686868686869
0.736842105263158,0.368686868686869
0.789473684210526,0.368686868686869
0.842105263157895,0.368686868686869
0.894736842105263,0.368686868686869
0.947368421052632,0.368686868686869
1,0.368686868686869
0,0.373737373737374
0.0526315789473684,0.373737373737374
0.105263157894737,0.373737373737374
0.157894736842105,0.373737373737374
0.210526315789474,0.373737373737374
0.263157894736842,0.373737373737374
0.315789473684211,0.373737373737374
0.368421052631579,0.373737373737374
0.421052631578947,0.373737373737374
0.473684210526316,0.373737373737374
0.526315789473684,0.373737373737374
0.578947368421053,0.373737373737374
0.631578947368421,0.373737373737374
0.684210526315789,0.373737373737374
0.736842105263158,0.373737373737374
0.789473684210526,0.373737373737374
0.842105263157895,0.373737373737374
0.894736842105263,0.373737373737374
0.947368421052632,0.373737373737374
1,0.373737373737374
0,0.378787878787879
0.0526315789473684,0.378787878787879
0.105263157894737,0.378787878787879
0.157894736842105,0.378787878787879
0.210526315789474,0.378787878787879
0.263157894736842,0.378787878787879
0.315789473684211,0.378787878787879
0.368421052631579,0.378787878787879
0.421052631578947,0.378787878787879
0.473684210526316,0.378787878787879
0.526315789473684,0.378787878787879
0.578947368421053,0.378787878787879
0.631578947368421,0.378787878787879
0.684210526315789,0.378787878787879
0.736842105263158,0.378787878787879
0.789473684210526,0.378787878787879
0.842105263157895,0.378787878787879
0.894736842105263,0.378787878787879
0.947368421052632,0.378787878787879
1,0.378787878787879
0,0.383838383838384
0.0526315789473684,0.383838383838384
0.105263157894737,0.383838383838384
0.157894736842105,0.383838383838384
0.210526315789474,0.383838383838384
0.263157894736842,0.383838383838384
0.315789473684211,0.383838383838384
0.368421052631579,0.383838383838384
0.421052631578947,0.383838383838384
0.473684210526316,0.383838383838384
0.526315789473684,0.383838383838384
0.578947368421053,0.383838383838384
0.631578947368421,0.383838383838384
0.684210526315789,0.383838383838384
0.736842105263158,0.383838383838384
0.789473684210526,0.383838383838384
0.842105263157895,0.383838383838384
0.894736842105263,0.383838383838384
0.947368421052632,0.383838383838384
1,0.383838383838384
0,0.388888888888889
0.0526315789473684,0.388888888888889
0.105263157894737,0.388888888888889
0.157894736842105,0.388888888888889
0.210526315789474,0.388888888888889
0.263157894736842,0.388888888888889
0.315789473684211,0.388888888888889
0.368421052631579,0.388888888888889
0.421052631578947,0.388888888888889
0.473684210526316,0.388888888888889
0.526315789473684,0.388888888888889
0.578947368421053,0.388888888888889
0.631578947368421,0.388888888888889
0.684210526315789,0.388888888888889
0.736842105263158,0.388888888888889
0.789473684210526,0.388888888888889
0.842105263157895,0.388888888888889
0.894736842105263,0.388888888888889
0.947368421052632,0.388888888888889
1,0.388888888888889
0,0.393939393939394
0.0526315789473684,0.393939393939394
0.105263157894737,0.393939393939394
0.157894736842105,0.393939393939394
0.210526315789474,0.393939393939394
0.263157894736842,0.393939393939394
0.315789473684211,0.393939393939394
0.368421052631579,0.393939393939394
0.421052631578947,0.393939393939394
0.473684210526316,0.393939393939394
0.526315789473684,0.393939393939394
0.578947368421053,0.393939393939394
0.631578947368421,0.393939393939394
0.684210526315789,0.393939393939394
0.736842105263158,0.393939393939394
0.789473684210526,0.393939393939394
0.842105263157895,0.393939393939394
0.894736842105263,0.393939393939394
0.947368421052632,0.393939393939394
1,0.393939393939394
0,0.398989898989899
0.0526315789473684,0.398989898989899
0.105263157894737,0.398989898989899
0.157894736842105,0.398989898989899
0.210526315789474,0.398989898989899
0.263157894736842,0.398989898989899
0.315789473684211,0.398989898989899
0.368421052631579,0.398989898989899
0.421052631578947,0.398989898989899
0.473684210526316,0.398989898989899
0.526315789473684,0.398989898989899
0.578947368421053,0.398989898989899
0.631578947368421,0.398989898989899
0.684210526315789,0.398989898989899
0.736842105263158,0.398989898989899
0.789473684210526,0.398989898989899
0.842105263157895,0.398989898989899
0.894736842105263,0.398989898989899
0.947368421052632,0.398989898989899
1,0.398989898989899
0,0.404040404040404
0.0526315789473684,0.404040404040404
0.105263157894737,0.404040404040404
0.157894736842105,0.404040404040404
0.210526315789474,0.404040404040404
0.263157894736842,0.404040404040404
0.315789473684211,0.404040404040404
0.368421052631579,0.404040404040404
0.421052631578947,0.404040404040404
0.473684210526316,0.404040404040404
0.526315789473684,0.404040404040404
0.578947368421053,0.404040404040404
0.631578947368421,0.404040404040404
0.684210526315789,0.404040404040404
0.736842105263158,0.404040404040404
0.789473684210526,0.404040404040404
0.842105263157895,0.404040404040404
0.894736842105263,0.404040404040404
0.947368421052632,0.404040404040404
1,0.404040404040404
0,0.409090909090909
0.0526315789473684,0.409090909090909
0.105263157894737,0.409090909090909
0.157894736842105,0.409090909090909
0.210526315789474,0.409090909090909
0.263157894736842,0.409090909090909
0.315789473684211,0.409090909090909
0.368421052631579,0.409090909090909
0.421052631578947,0.409090909090909
0.473684210526316,0.409090909090909
0.526315789473684,0.409090909090909
0.578947368421053,0.409090909090909
0.631578947368421,0.409090909090909
0.684210526315789,0.409090909090909
0.736842105263158,0.409090909090909
0.789473684210526,0.409090909090909
0.842105263157895,0.409090909090909
0.894736842105263,0.409090909090909
0.947368421052632,0.409090909090909
1,0.409090909090909
0,0.414141414141414
0.0526315789473684,0.414141414141414
0.105263157894737,0.414141414141414
0.157894736842105,0.414141414141414
0.210526315789474,0.414141414141414
0.263157894736842,0.414141414141414
0.315789473684211,0.414141414141414
0.368421052631579,0.414141414141414
0.421052631578947,0.414141414141414
0.473684210526316,0.414141414141414
0.526315789473684,0.414141414141414
0.578947368421053,0.414141414141414
0.631578947368421,0.414141414141414
0.684210526315789,0.414141414141414
0.736842105263158,0.414141414141414
0.789473684210526,0.414141414141414
0.842105263157895,0.414141414141414
0.894736842105263,0.414141414141414
0.947368421052632,0.414141414141414
1,0.414141414141414
0,0.419191919191919
0.0526315789473684,0.419191919191919
0.105263157894737,0.419191919191919
0.157894736842105,0.419191919191919
0.210526315789474,0.419191919191919
0.263157894736842,0.419191919191919
0.315789473684211,0.419191919191919
0.368421052631579,0.419191919191919
0.421052631578947,0.419191919191919
0.473684210526316,0.419191919191919
0.526315789473684,0.419191919191919
0.578947368421053,0.419191919191919
0.631578947368421,0.419191919191919
0.684210526315789,0.419191919191919
0.736842105263158,0.419191919191919
0.789473684210526,0.419191919191919
0.842105263157895,0.419191919191919
0.894736842105263,0.419191919191919
0.947368421052632,0.419191919191919
1,0.419191919191919
0,0.424242424242424
0.0526315789473684,0.424242424242424
0.105263157894737,0.424242424242424
0.157894736842105,0.424242424242424
0.210526315789474,0.424242424242424
0.263157894736842,0.424242424242424
0.315789473684211,0.424242424242424
0.368421052631579,0.424242424242424
0.421052631578947,0.424242424242424
0.473684210526316,0.424242424242424
0.526315789473684,0.424242424242424
0.578947368421053,0.424242424242424
0.631578947368421,0.424242424242424
0.684210526315789,0.424242424242424
0.736842105263158,0.424242424242424
0.789473684210526,0.424242424242424
0.842105263157895,0.424242424242424
0.894736842105263,0.424242424242424
0.947368421052632,0.424242424242424
1,0.424242424242424
0,0.429292929292929
0.0526315789473684,0.429292929292929
0.105263157894737,0.429292929292929
0.157894736842105,0.429292929292929
0.210526315789474,0.429292929292929
0.263157894736842,0.429292929292929
0.315789473684211,0.429292929292929
0.368421052631579,0.429292929292929
0.421052631578947,0.429292929292929
0.473684210526316,0.429292929292929
0.526315789473684,0.429292929292929
0.578947368421053,0.429292929292929
0.631578947368421,0.429292929292929
0.684210526315789,0.429292929292929
0.736842105263158,0.429292929292929
0.789473684210526,0.429292929292929
0.842105263157895,0.429292929292929
0.894736842105263,0.429292929292929
0.947368421052632,0.429292929292929
1,0.429292929292929
0,0.434343434343434
0.0526315789473684,0.434343434343434
0.105263157894737,0.434343434343434
0.157894736842105,0.434343434343434
0.210526315789474,0.434343434343434
0.263157894736842,0.434343434343434
0.315789473684211,0.434343434343434
0.368421052631579,0.434343434343434
0.421052631578947,0.434343434343434
0.473684210526316,0.434343434343434
0.526315789473684,0.434343434343434
0.578947368421053,0.434343434343434
0.631578947368421,0.434343434343434
0.684210526315789,0.434343434343434
0.736842105263158,0.434343434343434
0.789473684210526,0.434343434343434
0.842105263157895,0.434343434343434
0.894736842105263,0.434343434343434
0.947368421052632,0.434343434343434
1,0.434343434343434
0,0.439393939393939
0.0526315789473684,0.439393939393939
0.105263157894737,0.439393939393939
0.157894736842105,0.439393939393939
0.210526315789474,0.439393939393939
0.263157894736842,0.439393939393939
0.315789473684211,0.439393939393939
0.368421052631579,0.439393939393939
0.421052631578947,0.439393939393939
0.473684210526316,0.439393939393939
0.526315789473684,0.439393939393939
0.578947368421053,0.439393939393939
0.631578947368421,0.439393939393939
0.684210526315789,0.439393939393939
0.736842105263158,0.439393939393939
0.789473684210526,0.439393939393939
0.842105263157895,0.439393939393939
0.894736842105263,0.439393939393939
0.947368421052632,0.439393939393939
1,0.439393939393939
0,0.444444444444445
0.0526315789473684,0.444444444444445
0.105263157894737,0.444444444444445
0.157894736842105,0.444444444444445
0.210526315789474,0.444444444444445
0.263157894736842,0.444444444444445
0.315789473684211,0.444444444444445
0.368421052631579,0.444444444444445
0.421052631578947,0.444444444444445
0.473684210526316,0.444444444444445
0.526315789473684,0.444444444444445
0.578947368421053,0.444444444444445
0.631578947368421,0.444444444444445
0.684210526315789,0.444444444444445
0.736842105263158,0.444444444444445
0.789473684210526,0.444444444444445
0.842105263157895,0.444444444444445
0.894736842105263,0.444444444444445
0.947368421052632,0.444444444444445
1,0.444444444444445
0,0.449494949494950
0.0526315789473684,0.449494949494950
0.105263157894737,0.449494949494950
0.157894736842105,0.449494949494950
0.210526315789474,0.449494949494950
0.263157894736842,0.449494949494950
0.315789473684211,0.449494949494950
0.368421052631579,0.449494949494950
0.421052631578947,0.449494949494950
0.473684210526316,0.449494949494950
0.526315789473684,0.449494949494950
0.578947368421053,0.449494949494950
0.631578947368421,0.449494949494950
0.684210526315789,0.449494949494950
0.736842105263158,0.449494949494950
0.789473684210526,0.449494949494950
0.842105263157895,0.449494949494950
0.894736842105263,0.449494949494950
0.947368421052632,0.449494949494950
1,0.449494949494950
0,0.454545454545455
0.0526315789473684,0.454545454545455
0.105263157894737,0.454545454545455
0.157894736842105,0.454545454545455
0.210526315789474,0.454545454545455
0.263157894736842,0.454545454545455
0.315789473684211,0.454545454545455
0.368421052631579,0.454545454545455
0.421052631578947,0.454545454545455
0.473684210526316,0.454545454545455
0.526315789473684,0.454545454545455
0.578947368421053,0.454545454545455
0.631578947368421,0.454545454545455
0.684210526315789,0.454545454545455
0.736842105263158,0.454545454545455
0.789473684210526,0.454545454545455
0.842105263157895,0.454545454545455
0.894736842105263,0.454545454545455
0.947368421052632,0.454545454545455
1,0.454545454545455
0,0.459595959595960
0.0526315789473684,0.459595959595960
0.105263157894737,0.459595959595960
0.157894736842105,0.459595959595960
0.210526315789474,0.459595959595960
0.263157894736842,0.459595959595960
0.315789473684211,0.459595959595960
0.368421052631579,0.459595959595960
0.421052631578947,0.459595959595960
0.473684210526316,0.459595959595960
0.526315789473684,0.459595959595960
0.578947368421053,0.459595959595960
0.631578947368421,0.459595959595960
0.684210526315789,0.459595959595960
0.736842105263158,0.459595959595960
0.789473684210526,0.459595959595960
0.842105263157895,0.459595959595960
0.894736842105263,0.459595959595960
0.947368421052632,0.459595959595960
1,0.459595959595960
0,0.464646464646465
0.0526315789473684,0.464646464646465
0.105263157894737,0.464646464646465
0.157894736842105,0.464646464646465
0.210526315789474,0.464646464646465
0.263157894736842,0.464646464646465
0.315789473684211,0.464646464646465
0.368421052631579,0.464646464646465
0.421052631578947,0.464646464646465
0.473684210526316,0.464646464646465
0.526315789473684,0.464646464646465
0.578947368421053,0.464646464646465
0.631578947368421,0.464646464646465
0.684210526315789,0.464646464646465
0.736842105263158,0.464646464646465
0.789473684210526,0.464646464646465
0.842105263157895,0.464646464646465
0.894736842105263,0.464646464646465
0.947368421052632,0.464646464646465
1,0.464646464646465
0,0.469696969696970
0.0526315789473684,0.469696969696970
0.105263157894737,0.469696969696970
0.157894736842105,0.469696969696970
0.210526315789474,0.469696969696970
0.263157894736842,0.469696969696970
0.315789473684211,0.469696969696970
0.368421052631579,0.469696969696970
0.421052631578947,0.469696969696970
0.473684210526316,0.469696969696970
0.526315789473684,0.469696969696970
0.578947368421053,0.469696969696970
0.631578947368421,0.469696969696970
0.684210526315789,0.469696969696970
0.736842105263158,0.469696969696970
0.789473684210526,0.469696969696970
0.842105263157895,0.469696969696970
0.894736842105263,0.469696969696970
0.947368421052632,0.469696969696970
1,0.469696969696970
0,0.474747474747475
0.0526315789473684,0.474747474747475
0.105263157894737,0.474747474747475
0.157894736842105,0.474747474747475
0.210526315789474,0.474747474747475
0.263157894736842,0.474747474747475
0.315789473684211,0.474747474747475
0.368421052631579,0.474747474747475
0.421052631578947,0.474747474747475
0.473684210526316,0.474747474747475
0.526315789473684,0.474747474747475
0.578947368421053,0.474747474747475
0.631578947368421,0.474747474747475
0.684210526315789,0.474747474747475
0.736842105263158,0.474747474747475
0.789473684210526,0.474747474747475
0.842105263157895,0.474747474747475
0.894736842105263,0.474747474747475
0.947368421052632,0.474747474747475
1,0.474747474747475
0,0.479797979797980
0.0526315789473684,0.479797979797980
0.105263157894737,0.479797979797980
0.157894736842105,0.479797979797980
0.210526315789474,0.479797979797980
0.263157894736842,0.479797979797980
0.315789473684211,0.479797979797980
0.368421052631579,0.479797979797980
0.421052631578947,0.479797979797980
0.473684210526316,0.479797979797980
0.526315789473684,0.479797979797980
0.578947368421053,0.479797979797980
0.631578947368421,0.479797979797980
0.684210526315789,0.479797979797980
0.736842105263158,0.479797979797980
0.789473684210526,0.479797979797980
0.842105263157895,0.479797979797980
0.894736842105263,0.479797979797980
0.947368421052632,0.479797979797980
1,0.479797979797980
0,0.484848484848485
0.0526315789473684,0.484848484848485
0.105263157894737,0.484848484848485
0.157894736842105,0.484848484848485
0.210526315789474,0.484848484848485
0.263157894736842,0.484848484848485
0.315789473684211,0.484848484848485
0.368421052631579,0.484848484848485
0.421052631578947,0.484848484848485
0.473684210526316,0.484848484848485
0.526315789473684,0.484848484848485
0.578947368421053,0.484848484848485
0.631578947368421,0.484848484848485
0.684210526315789,0.484848484848485
0.736842105263158,0.484848484848485
0.789473684210526,0.484848484848485
0.842105263157895,0.484848484848485
0.894736842105263,0.484848484848485
0.947368421052632,0.484848484848485
1,0.484848484848485
0,0.489898989898990
0.0526315789473684,0.489898989898990
0.105263157894737,0.489898989898990
0.157894736842105,0.489898989898990
0.210526315789474,0.489898989898990
0.263157894736842,0.489898989898990
0.315789473684211,0.489898989898990
0.368421052631579,0.489898989898990
0.421052631578947,0.489898989898990
0.473684210526316,0.489898989898990
0.526315789473684,0.489898989898990
0.578947368421053,0.489898989898990
0.631578947368421,0.489898989898990
0.684210526315789,0.489898989898990
0.736842105263158,0.489898989898990
0.789473684210526,0.489898989898990
0.842105263157895,0.489898989898990
0.894736842105263,0.489898989898990
0.947368421052632,0.489898989898990
1,0.489898989898990
0,0.494949494949495
0.0526315789473684,0.494949494949495
0.105263157894737,0.494949494949495
0.157894736842105,0.494949494949495
0.210526315789474,0.494949494949495
0.263157894736842,0.494949494949495
0.315789473684211,0.494949494949495
0.368421052631579,0.494949494949495
0.421052631578947,0.494949494949495
0.473684210526316,0.494949494949495
0.526315789473684,0.494949494949495
0.578947368421053,0.494949494949495
0.631578947368421,0.494949494949495
0.684210526315789,0.494949494949495
0.736842105263158,0.494949494949495
0.789473684210526,0.494949494949495
0.842105263157895,0.494949494949495
0.894736842105263,0.494949494949495
0.947368421052632,0.494949494949495
1,0.494949494949495
0,0.500000000000000
0.0526315789473684,0.500000000000000
0.105263157894737,0.500000000000000
0.157894736842105,0.500000000000000
0.210526315789474,0.500000000000000
0.263157894736842,0.500000000000000
0.315789473684211,0.500000000000000
0.368421052631579,0.500000000000000
0.421052631578947,0.500000000000000
0.473684210526316,0.500000000000000
0.526315789473684,0.500000000000000
0.578947368421053,0.500000000000000
0.631578947368421,0.500000000000000
0.684210526315789,0.500000000000000
0.736842105263158,0.500000000000000
0.789473684210526,0.500000000000000
0.842105263157895,0.500000000000000
0.894736842105263,0.500000000000000
0.947368421052632,0.500000000000000
1,0.500000000000000
